"objtype","subtype","name","parent","pos_x","pos_y","pos_z","orient_x","orient_y","orient_z","orient_w","scale_x","scale_y","scale_z","hull_x","hull_y","hull_z","density","friction","bounce","colMask","colMsg","meshURI","diffuse_x","diffuse_y","diffuse_z","ambient","specular_x","specular_y","specular_z","shadowpower","range","constfall","linearfall","quadfall","cone_in","cone_out","power","cone_fall","shadow"
"camera",,,,735.23,3046.96,966.99,0,123.53,0,,,,,,,,,,,,,,,,,,,,,,,,,,,,,,
"light","point",,,0,0,0,0,0,0,,,,,,,,,,,,,,0.98,0.99,0.73,0.2,0,0,0,0.07,75,1,0.18,0.03,30,40,5.6,1,1
"light","directional",,,735.23,3046.96,966.99,0,0,0,,,,,,,,,,,,,,0.98,0.99,0.73,0.5,0,0,0,0.07,1000,1,0,0,30,40,0.5,1,1
"light","point",,,701.48,3083.31,1034.7,0,0,0,,,,,,,,,,,,,,0.51,0.2,0.2,0.2,0.74,0.25,0.25,0.09,75,1,0,0.01,30,40,1,1,1
"light","point",,,590.01,3080.17,1030.94,0,0,0,,,,,,,,,,,,,,0.98,0.99,0.73,0.2,0,0,0,0.07,75,1,0.05,0.01,30,40,1.3,1,1
"light","point",,,652.64,3077.34,1086.46,0,0,0,,,,,,,,,,,,,,0.98,0.99,0.73,0.2,0,0,0,0.07,75,1,0,0.01,30,40,5.6,1,1
"light","point",,,655.39,3074.88,974.06,0,0,0,,,,,,,,,,,,,,1,1,1,0.2,1,0.33,0.33,0.09,75,1,0,0.01,30,40,1,1,1
"light","point",,,658.06,3072.58,1032.88,0,0,0,,,,,,,,,,,,,,0.98,0.99,0.73,0.2,0,0,0,0.07,75,1,0,0.01,30,40,5,1,1
"light","point",,,617.55,3051.88,1063.18,0,-55,0,,,,,,,,,,,,,,0.98,0.99,0.73,0.2,0,0,0,0.07,75,1,0,0.03,30,40,1,1,1
"light","point",,,629.5,3051.88,1069.06,0,-55,0,,,,,,,,,,,,,,0.98,0.99,0.73,0.2,0,0,0,0.07,75,1,0,0.03,30,40,1,1,1
"light","point",,,650.14,3056.05,989.79,0,-55,0,,,,,,,,,,,,,,0.99,1,0.98,0.2,0.62,0.8,0.49,0.09,75,1,0,0.03,30,40,1,1,1
"light","point",,,654.37,3052.06,1053.24,0,-55,0,,,,,,,,,,,,,,0.63,0.56,0.56,0.28,1,1,1,0.11,75,1,0,0.02,30,40,1,1,1
"light","point",,,665.69,3052.98,1012.73,0,-55,0,,,,,,,,,,,,,,0.98,0.99,0.73,0.2,0,0,0,0.07,75,1,0,0.03,30,40,1,1,1
"light","point",,,666.78,3051.88,997.13,0,-55,0,,,,,,,,,,,,,,0.98,0.99,0.73,0.2,0,0,0,0.07,75,1,0,0.03,30,40,1,1,1
"light","point",,,676.3,3051.88,1046.05,0,-55,0,,,,,,,,,,,,,,0.98,0.99,0.73,0.2,0,0,0,0.07,75,1,0,0.03,30,40,1,1,1
"light","point",,,680.11,3052.74,1042.46,0,-55,0,,,,,,,,,,,,,,0.98,0.99,0.73,0.2,0,0,0,0.07,75,1,0,0.03,30,40,1,1,1
"light","point",,,682.12,3051.88,1022.25,0,-55,0,,,,,,,,,,,,,,0.98,0.99,0.73,0.2,0,0,0,0.07,75,1,0,0.03,30,40,1,1,1
"mesh","graphiconly","e2bea3f4d91a4f3e514c29be3ab6370a700dc55eb205321037dab9d477f",,660.59,3045.31,1070.74,0,18.28,0,,0.24,0.24,0.24,1,1,1,0,0,0,0,0,"mhash:///e2bea3f4d91a4f3e514c29be3ab6370a700dc55eb205321037dab9d477f1d511",,,,,,,,,,,,,,,,,
"mesh","graphiconly","39f103dcdc948ec14005952bc94b801c73c0cdd617e58bee30f7abb73ba",,706.1,3049.24,1037.14,0,-63.49,0,,2,1.24,2,1,1,1,0,0,0,0,0,"mhash:///39f103dcdc948ec14005952bc94b801c73c0cdd617e58bee30f7abb73ba527bd",,,,,,,,,,,,,,,,,
"mesh","graphiconly","a8ee8b72ea7303529c409a9d5e93b149654fc32e422a3d612c9c3546cc1",,638.67,3045.31,1045.18,0,33.52,0,,0.67,0.67,0.67,1,1,1,0,0,0,0,0,"mhash:///a8ee8b72ea7303529c409a9d5e93b149654fc32e422a3d612c9c3546cc11e552",,,,,,,,,,,,,,,,,
"mesh","graphiconly","67c64e919500a1f7d51d59ef76d0423cceac53f75ed30b2616dc16977f1",,607.59,3045.63,993.97,0,32.4,0,,0.47,0.6,0.6,1,1,1,0,0,0,0,0,"mhash:///67c64e919500a1f7d51d59ef76d0423cceac53f75ed30b2616dc16977f1c9366",,,,,,,,,,,,,,,,,
"mesh","graphiconly","a8ee8b72ea7303529c409a9d5e93b149654fc32e422a3d612c9c3546cc1.1",,676.89,3045.25,1070.96,0,33.52,0,,0.67,0.67,0.67,1,1,1,0,0,0,0,0,"mhash:///a8ee8b72ea7303529c409a9d5e93b149654fc32e422a3d612c9c3546cc11e552",,,,,,,,,,,,,,,,,
"mesh","graphiconly","Tree_Common_trop_01",,658.6,3045.26,1013.72,0,-49.1,0,,1,0.84,1,1,1,1,0,0,0,0,0,"meru://cplatz@/Tree_Common_trop_01.mesh",,,,,,,,,,,,,,,,,
"mesh","graphiconly","2a22a300638ce149de77ae7c2ec2a8f1a34c963ac8923d23a2da7ab0b3b",,651.96,3045.28,1077.12,0,33.52,0,,0.67,0.67,0.67,1,1,1,0,0,0,0,0,"mhash:///2a22a300638ce149de77ae7c2ec2a8f1a34c963ac8923d23a2da7ab0b3bc1782",,,,,,,,,,,,,,,,,
"mesh","graphiconly","730712bbcb5508c11acad2ab8c368a380aae93699e3e4f22348a8e03b64",,660.44,3045.26,1082.08,0,-147.39,0,,0.67,0.67,0.67,1,1,1,0,0,0,0,0,"mhash:///730712bbcb5508c11acad2ab8c368a380aae93699e3e4f22348a8e03b64cbe37",,,,,,,,,,,,,,,,,
"mesh","graphiconly","587f1539716aff0ebcb2d4aad7a60ca562d6d747a9e98c0a8f131c586fa",,570.25,3043.9,1107.92,0,33.52,0,,1,1,1,1,1,1,0,0,0,0,0,"mhash:///587f1539716aff0ebcb2d4aad7a60ca562d6d747a9e98c0a8f131c586fa645db",,,,,,,,,,,,,,,,,
"mesh","graphiconly","66b189d665dd968d94a1415393f0037299fc2d9a18ca457dba5038f9008",,632.81,3048.1,1040.9,0,-94.62,0,,1,1,1,1,1,1,0,0,0,0,0,"mhash:///66b189d665dd968d94a1415393f0037299fc2d9a18ca457dba5038f90083157c",,,,,,,,,,,,,,,,,
"mesh","graphiconly","Tree_Common_trop_01.1",,632.37,3045.29,1007.84,0,60.7,0,,1.18,0.99,1.18,1,1,1,0,0,0,0,0,"meru://cplatz@/Tree_Common_trop_01.mesh",,,,,,,,,,,,,,,,,
"mesh","graphiconly","2a22a300638ce149de77ae7c2ec2a8f1a34c963ac8923d23a2da7ab0b3b.1",,642.16,3045.28,1069.2,0,33.52,0,,0.67,0.67,0.67,1,1,1,0,0,0,0,0,"mhash:///2a22a300638ce149de77ae7c2ec2a8f1a34c963ac8923d23a2da7ab0b3bc1782",,,,,,,,,,,,,,,,,
"mesh","graphiconly","66b189d665dd968d94a1415393f0037299fc2d9a18ca457dba5038f9008.1",,636.88,3048.07,1019.47,0,-94.62,0,,1,1,1,1,1,1,0,0,0,0,0,"mhash:///66b189d665dd968d94a1415393f0037299fc2d9a18ca457dba5038f90083157c",,,,,,,,,,,,,,,,,
"mesh","graphiconly","ed9fbfdbbb9139a3ac2193e185cfa180a46584fac0b4e99768e91e0a132",,589.15,3043.4,1057.16,-0.34,-162.14,-1.51,,1.64,1.1,1.64,1,1,1,0,0,0,0,0,"mhash:///ed9fbfdbbb9139a3ac2193e185cfa180a46584fac0b4e99768e91e0a1329aeeb",,,,,,,,,,,,,,,,,
"mesh","graphiconly","2a22a300638ce149de77ae7c2ec2a8f1a34c963ac8923d23a2da7ab0b3b.2",,626.05,3045.26,1065.61,0,33.52,0,,0.67,0.67,0.67,1,1,1,0,0,0,0,0,"mhash:///2a22a300638ce149de77ae7c2ec2a8f1a34c963ac8923d23a2da7ab0b3bc1782",,,,,,,,,,,,,,,,,
"mesh","graphiconly","a8ee8b72ea7303529c409a9d5e93b149654fc32e422a3d612c9c3546cc1.2",,0,0,0,0,0,0,,0.67,0.67,0.67,1,1,1,0,0,0,0,0,"mhash:///a8ee8b72ea7303529c409a9d5e93b149654fc32e422a3d612c9c3546cc11e552",,,,,,,,,,,,,,,,,
"mesh","graphiconly","67c64e919500a1f7d51d59ef76d0423cceac53f75ed30b2616dc16977f1.1",,605.86,3045.44,1052.61,0,-147.6,0,,0.49,0.49,0.49,1,1,1,0,0,0,0,0,"mhash:///67c64e919500a1f7d51d59ef76d0423cceac53f75ed30b2616dc16977f1c9366",,,,,,,,,,,,,,,,,
"mesh","graphiconly","66b189d665dd968d94a1415393f0037299fc2d9a18ca457dba5038f9008.2",,593.14,3048.07,1053.97,0,-94.62,0,,1,1,1,1,1,1,0,0,0,0,0,"mhash:///66b189d665dd968d94a1415393f0037299fc2d9a18ca457dba5038f90083157c",,,,,,,,,,,,,,,,,
"mesh","graphiconly","2a22a300638ce149de77ae7c2ec2a8f1a34c963ac8923d23a2da7ab0b3b.3",,656.86,3045.26,997.05,0,33.52,0,,0.67,0.67,0.67,1,1,1,0,0,0,0,0,"mhash:///2a22a300638ce149de77ae7c2ec2a8f1a34c963ac8923d23a2da7ab0b3bc1782",,,,,,,,,,,,,,,,,
"mesh","graphiconly","67c64e919500a1f7d51d59ef76d0423cceac53f75ed30b2616dc16977f1.2",,629.95,3045.45,1004.31,0,-57.6,0,,0.42,0.42,0.42,1,1,1,0,0,0,0,0,"mhash:///67c64e919500a1f7d51d59ef76d0423cceac53f75ed30b2616dc16977f1c9366",,,,,,,,,,,,,,,,,
"mesh","graphiconly","587f1539716aff0ebcb2d4aad7a60ca562d6d747a9e98c0a8f131c586fa.1",,577.22,3043.93,1073.76,0,-56.48,0,,1,1,1,1,1,1,0,0,0,0,0,"mhash:///587f1539716aff0ebcb2d4aad7a60ca562d6d747a9e98c0a8f131c586fa645db",,,,,,,,,,,,,,,,,
"mesh","graphiconly","e2bea3f4d91a4f3e514c29be3ab6370a700dc55eb205321037dab9d477f.1",,669.5,3045.13,1064.42,0,18.28,0,,0.24,0.24,0.24,1,1,1,0,0,0,0,0,"mhash:///e2bea3f4d91a4f3e514c29be3ab6370a700dc55eb205321037dab9d477f1d511",,,,,,,,,,,,,,,,,
"mesh","graphiconly","67433313de9cfdf8a28c71aca67fb83aa9ed72566b919d6d67da27e9e5d",,635.97,3039.02,1116.68,-0.74,72.6,12.5,,13.72,13.72,17.64,1,1,1,0,0,0,0,0,"mhash:///67433313de9cfdf8a28c71aca67fb83aa9ed72566b919d6d67da27e9e5dd9c25",,,,,,,,,,,,,,,,,
"mesh","graphiconly","Tree_Common_trop_01.2",,593.45,3045.29,1056.34,0,-54.49,0,,1,0.84,1,1,1,1,0,0,0,0,0,"meru://cplatz@/Tree_Common_trop_01.mesh",,,,,,,,,,,,,,,,,
"mesh","graphiconly","e2bea3f4d91a4f3e514c29be3ab6370a700dc55eb205321037dab9d477f.2",,649.39,3045.31,1053.8,0,18.28,0,,0.24,0.24,0.24,1,1,1,0,0,0,0,0,"mhash:///e2bea3f4d91a4f3e514c29be3ab6370a700dc55eb205321037dab9d477f1d511",,,,,,,,,,,,,,,,,
"mesh","graphiconly","39f103dcdc948ec14005952bc94b801c73c0cdd617e58bee30f7abb73ba.1",,644.28,3046.59,1029.08,0,-129.56,0,,1.76,1.52,1.76,1,1,1,0,0,0,0,0,"mhash:///39f103dcdc948ec14005952bc94b801c73c0cdd617e58bee30f7abb73ba527bd",,,,,,,,,,,,,,,,,
"mesh","graphiconly","67c64e919500a1f7d51d59ef76d0423cceac53f75ed30b2616dc16977f1.3",,668.07,3045.47,1020.2,0,-147.6,0,,0.44,0.44,0.44,1,1,1,0,0,0,0,0,"mhash:///67c64e919500a1f7d51d59ef76d0423cceac53f75ed30b2616dc16977f1c9366",,,,,,,,,,,,,,,,,
"mesh","graphiconly","6c3b6442f13efbfff3b9c394b7003164d9f258c45b0a5e264d63cbdff6b",,699.92,3044,980.36,0,159.42,0,,1,1,1,1,1,1,0,0,0,0,0,"mhash:///6c3b6442f13efbfff3b9c394b7003164d9f258c45b0a5e264d63cbdff6bf99e0",,,,,,,,,,,,,,,,,
"mesh","graphiconly","a8ee8b72ea7303529c409a9d5e93b149654fc32e422a3d612c9c3546cc1.3",,636.87,3045.31,1019.5,0,33.52,0,,0.67,0.67,0.67,1,1,1,0,0,0,0,0,"mhash:///a8ee8b72ea7303529c409a9d5e93b149654fc32e422a3d612c9c3546cc11e552",,,,,,,,,,,,,,,,,
"mesh","graphiconly","ed9fbfdbbb9139a3ac2193e185cfa180a46584fac0b4e99768e91e0a132.1",,589.49,3043.37,1078.1,-0.34,59.26,-1.51,,1,1,1,1,1,1,0,0,0,0,0,"mhash:///ed9fbfdbbb9139a3ac2193e185cfa180a46584fac0b4e99768e91e0a1329aeeb",,,,,,,,,,,,,,,,,
"mesh","graphiconly","8ea94afdd78114997490f01e5339e32110b3f1a148487407dd479c566bd",,654.38,3045.25,993.37,0,-56.48,0,,0.67,0.67,0.67,1,1,1,0,0,0,0,0,"mhash:///8ea94afdd78114997490f01e5339e32110b3f1a148487407dd479c566bd34ef0",,,,,,,,,,,,,,,,,
"mesh","graphiconly","8ea94afdd78114997490f01e5339e32110b3f1a148487407dd479c566bd.1",,679.45,3045.27,1044.61,0,33.52,0,,0.67,0.67,0.67,1,1,1,0,0,0,0,0,"mhash:///8ea94afdd78114997490f01e5339e32110b3f1a148487407dd479c566bd34ef0",,,,,,,,,,,,,,,,,
"mesh","graphiconly","e2bea3f4d91a4f3e514c29be3ab6370a700dc55eb205321037dab9d477f.3",,612.96,3045.31,998.76,0,18.28,0,,0.24,0.24,0.24,1,1,1,0,0,0,0,0,"mhash:///e2bea3f4d91a4f3e514c29be3ab6370a700dc55eb205321037dab9d477f1d511",,,,,,,,,,,,,,,,,
"mesh","graphiconly","ed9fbfdbbb9139a3ac2193e185cfa180a46584fac0b4e99768e91e0a132.2",,633.43,3041.15,975.87,-0.34,59.26,-1.51,,5,5,5,1,1,1,0,0,0,0,0,"mhash:///ed9fbfdbbb9139a3ac2193e185cfa180a46584fac0b4e99768e91e0a1329aeeb",,,,,,,,,,,,,,,,,
"mesh","graphiconly","67c64e919500a1f7d51d59ef76d0423cceac53f75ed30b2616dc16977f1.4",,675.06,3045.45,1015.58,0,-147.6,0,,0.4,0.4,0.4,1,1,1,0,0,0,0,0,"mhash:///67c64e919500a1f7d51d59ef76d0423cceac53f75ed30b2616dc16977f1c9366",,,,,,,,,,,,,,,,,
"mesh","graphiconly","a8ee8b72ea7303529c409a9d5e93b149654fc32e422a3d612c9c3546cc1.4",,632.22,3045.31,1022.48,0,33.52,0,,0.67,0.67,0.67,1,1,1,0,0,0,0,0,"mhash:///a8ee8b72ea7303529c409a9d5e93b149654fc32e422a3d612c9c3546cc11e552",,,,,,,,,,,,,,,,,
"mesh","graphiconly","66b189d665dd968d94a1415393f0037299fc2d9a18ca457dba5038f9008.3",,656.73,3048.07,1084.47,0,-94.62,0,,1,1,1,1,1,1,0,0,0,0,0,"mhash:///66b189d665dd968d94a1415393f0037299fc2d9a18ca457dba5038f90083157c",,,,,,,,,,,,,,,,,
"mesh","graphiconly","2a22a300638ce149de77ae7c2ec2a8f1a34c963ac8923d23a2da7ab0b3b.4",,635.82,3045.26,993.28,0,33.52,0,,0.67,0.67,0.67,1,1,1,0,0,0,0,0,"mhash:///2a22a300638ce149de77ae7c2ec2a8f1a34c963ac8923d23a2da7ab0b3bc1782",,,,,,,,,,,,,,,,,
"mesh","graphiconly","66b189d665dd968d94a1415393f0037299fc2d9a18ca457dba5038f9008.4",,602.02,3048.07,1067.01,0,-94.62,0,,1,1,1,1,1,1,0,0,0,0,0,"mhash:///66b189d665dd968d94a1415393f0037299fc2d9a18ca457dba5038f90083157c",,,,,,,,,,,,,,,,,
"mesh","graphiconly","a8ee8b72ea7303529c409a9d5e93b149654fc32e422a3d612c9c3546cc1.5",,598.84,3045.27,996.45,0,33.52,0,,0.67,0.67,0.67,1,1,1,0,0,0,0,0,"mhash:///a8ee8b72ea7303529c409a9d5e93b149654fc32e422a3d612c9c3546cc11e552",,,,,,,,,,,,,,,,,
"mesh","graphiconly","e2bea3f4d91a4f3e514c29be3ab6370a700dc55eb205321037dab9d477f.4",,665.16,3045.34,1042.99,0,18.28,0,,0.24,0.24,0.24,1,1,1,0,0,0,0,0,"mhash:///e2bea3f4d91a4f3e514c29be3ab6370a700dc55eb205321037dab9d477f1d511",,,,,,,,,,,,,,,,,
"mesh","graphiconly","730712bbcb5508c11acad2ab8c368a380aae93699e3e4f22348a8e03b64.1",,622.52,3045.28,980.83,0,-147.39,0,,0.67,0.67,0.67,1,1,1,0,0,0,0,0,"mhash:///730712bbcb5508c11acad2ab8c368a380aae93699e3e4f22348a8e03b64cbe37",,,,,,,,,,,,,,,,,
"mesh","graphiconly","1fac664216868baca838a81a3bf6c5296a4418612a7af667087bad9b664",,617.9,3045.79,1026.34,0,77.62,0,,1,1,1,1,1,1,0,0,0,0,0,"mhash:///1fac664216868baca838a81a3bf6c5296a4418612a7af667087bad9b664af823",,,,,,,,,,,,,,,,,
"mesh","graphiconly","2a22a300638ce149de77ae7c2ec2a8f1a34c963ac8923d23a2da7ab0b3b.5",,679.3,3045.27,1058.82,0,33.52,0,,0.67,0.67,0.67,1,1,1,0,0,0,0,0,"mhash:///2a22a300638ce149de77ae7c2ec2a8f1a34c963ac8923d23a2da7ab0b3bc1782",,,,,,,,,,,,,,,,,
"mesh","graphiconly","Tree_Common_trop_01.3",,696.46,3043.69,1007.4,5.4,121.16,3.25,,1,0.91,1,1,1,1,0,0,0,0,0,"meru://cplatz@/Tree_Common_trop_01.mesh",,,,,,,,,,,,,,,,,
"mesh","graphiconly","c645c70f8993273cd065d69f22c048288451cc87932972c7caad8f1fe35",,694.76,3043.79,1026.29,0,-56.7,0,,3,3,3,1,1,1,0,0,0,0,0,"mhash:///c645c70f8993273cd065d69f22c048288451cc87932972c7caad8f1fe354d9ac",,,,,,,,,,,,,,,,,
"mesh","graphiconly","2a22a300638ce149de77ae7c2ec2a8f1a34c963ac8923d23a2da7ab0b3b.6",,640.72,3045.31,993.96,0,33.52,0,,0.67,0.67,0.67,1,1,1,0,0,0,0,0,"mhash:///2a22a300638ce149de77ae7c2ec2a8f1a34c963ac8923d23a2da7ab0b3bc1782",,,,,,,,,,,,,,,,,
"mesh","graphiconly","1fac664216868baca838a81a3bf6c5296a4418612a7af667087bad9b664.1",,621.02,3045.73,1022.24,0,33.52,0,,1,1,1,1,1,1,0,0,0,0,0,"mhash:///1fac664216868baca838a81a3bf6c5296a4418612a7af667087bad9b664af823",,,,,,,,,,,,,,,,,
"mesh","graphiconly","Tree_Common_trop_01.4",,623.64,3045.29,1049.48,0,-54.49,0,,1.03,0.86,0.81,1,1,1,0,0,0,0,0,"meru://cplatz@/Tree_Common_trop_01.mesh",,,,,,,,,,,,,,,,,
"mesh","graphiconly","2a22a300638ce149de77ae7c2ec2a8f1a34c963ac8923d23a2da7ab0b3b.7",,652.16,3045.34,990.04,0,33.52,0,,0.67,0.67,0.67,1,1,1,0,0,0,0,0,"mhash:///2a22a300638ce149de77ae7c2ec2a8f1a34c963ac8923d23a2da7ab0b3bc1782",,,,,,,,,,,,,,,,,
"mesh","graphiconly","67c64e919500a1f7d51d59ef76d0423cceac53f75ed30b2616dc16977f1.5",,595.14,3045.59,1052.43,0,122.4,0,,0.44,0.56,0.56,1,1,1,0,0,0,0,0,"mhash:///67c64e919500a1f7d51d59ef76d0423cceac53f75ed30b2616dc16977f1c9366",,,,,,,,,,,,,,,,,
"mesh","graphiconly","6395fb5e35291a10d2400946497e0b95a25d5dc0fb08b350d3aa9c3781f",,701.28,3043.81,1050.29,-0.63,-20.47,-1.69,,8.14,10,8.14,1,1,1,0,0,0,0,0,"mhash:///6395fb5e35291a10d2400946497e0b95a25d5dc0fb08b350d3aa9c3781facfc8",,,,,,,,,,,,,,,,,
"mesh","graphiconly","2a22a300638ce149de77ae7c2ec2a8f1a34c963ac8923d23a2da7ab0b3b.8",,669.34,3045.26,993.14,0,33.52,0,,0.67,0.67,0.67,1,1,1,0,0,0,0,0,"mhash:///2a22a300638ce149de77ae7c2ec2a8f1a34c963ac8923d23a2da7ab0b3bc1782",,,,,,,,,,,,,,,,,
"mesh","graphiconly","ed9fbfdbbb9139a3ac2193e185cfa180a46584fac0b4e99768e91e0a132.3",,749.54,3038.38,949.96,-0.34,59.26,-1.51,,3.6,3.6,3.6,1,1,1,0,0,0,0,0,"mhash:///ed9fbfdbbb9139a3ac2193e185cfa180a46584fac0b4e99768e91e0a1329aeeb",,,,,,,,,,,,,,,,,
"mesh","graphiconly","c645c70f8993273cd065d69f22c048288451cc87932972c7caad8f1fe35.1",,604.55,3045.24,1034.71,0,-56.7,0,,3,3,3,1,1,1,0,0,0,0,0,"mhash:///c645c70f8993273cd065d69f22c048288451cc87932972c7caad8f1fe354d9ac",,,,,,,,,,,,,,,,,
"mesh","graphiconly","66b189d665dd968d94a1415393f0037299fc2d9a18ca457dba5038f9008.5",,676.07,3048.03,988.69,0,-94.62,0,,1,1,1,1,1,1,0,0,0,0,0,"mhash:///66b189d665dd968d94a1415393f0037299fc2d9a18ca457dba5038f90083157c",,,,,,,,,,,,,,,,,
"mesh","graphiconly","730712bbcb5508c11acad2ab8c368a380aae93699e3e4f22348a8e03b64.2",,635.71,3045.28,1043.02,0,143.31,0,,0.67,0.67,0.67,1,1,1,0,0,0,0,0,"mhash:///730712bbcb5508c11acad2ab8c368a380aae93699e3e4f22348a8e03b64cbe37",,,,,,,,,,,,,,,,,
"mesh","graphiconly","2a22a300638ce149de77ae7c2ec2a8f1a34c963ac8923d23a2da7ab0b3b.9",,684.11,3045.27,1037.21,0,33.52,0,,0.67,0.67,0.67,1,1,1,0,0,0,0,0,"mhash:///2a22a300638ce149de77ae7c2ec2a8f1a34c963ac8923d23a2da7ab0b3bc1782",,,,,,,,,,,,,,,,,
"mesh","graphiconly","c645c70f8993273cd065d69f22c048288451cc87932972c7caad8f1fe35.2",,678.66,3045.27,1027.73,0,-56.7,0,,3,3,3,1,1,1,0,0,0,0,0,"mhash:///c645c70f8993273cd065d69f22c048288451cc87932972c7caad8f1fe354d9ac",,,,,,,,,,,,,,,,,
"mesh","graphiconly","67c64e919500a1f7d51d59ef76d0423cceac53f75ed30b2616dc16977f1.6",,662.94,3045.57,1077.39,0,32.4,0,,0.43,0.55,0.55,1,1,1,0,0,0,0,0,"mhash:///67c64e919500a1f7d51d59ef76d0423cceac53f75ed30b2616dc16977f1c9366",,,,,,,,,,,,,,,,,
"mesh","graphiconly","c645c70f8993273cd065d69f22c048288451cc87932972c7caad8f1fe35.3",,644.83,3045.22,1068.34,0,-56.7,0,,3,3,3,1,1,1,0,0,0,0,0,"mhash:///c645c70f8993273cd065d69f22c048288451cc87932972c7caad8f1fe354d9ac",,,,,,,,,,,,,,,,,
"mesh","graphiconly","66b189d665dd968d94a1415393f0037299fc2d9a18ca457dba5038f9008.6",,650.84,3048.1,1039.51,0,-94.62,0,,1,1,1,1,1,1,0,0,0,0,0,"mhash:///66b189d665dd968d94a1415393f0037299fc2d9a18ca457dba5038f90083157c",,,,,,,,,,,,,,,,,
"mesh","graphiconly","8ea94afdd78114997490f01e5339e32110b3f1a148487407dd479c566bd.2",,0,0,0,0,0,0,,0.47,0.16,0.55,1,1,1,0,0,0,0,0,"mhash:///8ea94afdd78114997490f01e5339e32110b3f1a148487407dd479c566bd34ef0",,,,,,,,,,,,,,,,,
"mesh","graphiconly","c645c70f8993273cd065d69f22c048288451cc87932972c7caad8f1fe35.4",,624.05,3045.26,1063.96,0,-56.7,0,,3,3,3,1,1,1,0,0,0,0,0,"mhash:///c645c70f8993273cd065d69f22c048288451cc87932972c7caad8f1fe354d9ac",,,,,,,,,,,,,,,,,
"mesh","graphiconly","730712bbcb5508c11acad2ab8c368a380aae93699e3e4f22348a8e03b64.3",,640.49,3045.27,1018.17,0,-159.09,0,,0.67,0.67,0.67,1,1,1,0,0,0,0,0,"mhash:///730712bbcb5508c11acad2ab8c368a380aae93699e3e4f22348a8e03b64cbe37",,,,,,,,,,,,,,,,,
"mesh","graphiconly","a8ee8b72ea7303529c409a9d5e93b149654fc32e422a3d612c9c3546cc1.6",,664.02,3045.28,1079.76,0,33.52,0,,0.67,0.67,0.67,1,1,1,0,0,0,0,0,"mhash:///a8ee8b72ea7303529c409a9d5e93b149654fc32e422a3d612c9c3546cc11e552",,,,,,,,,,,,,,,,,
"mesh","graphiconly","1fac664216868baca838a81a3bf6c5296a4418612a7af667087bad9b664.2",,651.3,3045.73,1015.94,0,33.52,0,,1,1,1,1,1,1,0,0,0,0,0,"mhash:///1fac664216868baca838a81a3bf6c5296a4418612a7af667087bad9b664af823",,,,,,,,,,,,,,,,,
"mesh","graphiconly","730712bbcb5508c11acad2ab8c368a380aae93699e3e4f22348a8e03b64.4",,691.7,3045.29,1012.35,0,-57.48,0,,0.67,0.67,0.67,1,1,1,0,0,0,0,0,"mhash:///730712bbcb5508c11acad2ab8c368a380aae93699e3e4f22348a8e03b64cbe37",,,,,,,,,,,,,,,,,
"mesh","graphiconly","730712bbcb5508c11acad2ab8c368a380aae93699e3e4f22348a8e03b64.5",,628.61,3045.28,982.25,0,122.61,0,,0.67,0.67,0.67,1,1,1,0,0,0,0,0,"mhash:///730712bbcb5508c11acad2ab8c368a380aae93699e3e4f22348a8e03b64cbe37",,,,,,,,,,,,,,,,,
"mesh","graphiconly","67c64e919500a1f7d51d59ef76d0423cceac53f75ed30b2616dc16977f1.7",,637.31,3045.49,1006.83,0,32.4,0,,0.36,0.46,0.46,1,1,1,0,0,0,0,0,"mhash:///67c64e919500a1f7d51d59ef76d0423cceac53f75ed30b2616dc16977f1c9366",,,,,,,,,,,,,,,,,
"mesh","graphiconly","razr",,716.53,3044.04,992.15,0,-114.12,0,,1,1,1,1,1,1,0,0,0,0,0,,,,,,,,,,,,,,,,,,
"mesh","graphiconly","a8ee8b72ea7303529c409a9d5e93b149654fc32e422a3d612c9c3546cc1.7",,626.14,3045.26,978.53,0,33.52,0,,0.67,0.67,0.67,1,1,1,0,0,0,0,0,"mhash:///a8ee8b72ea7303529c409a9d5e93b149654fc32e422a3d612c9c3546cc11e552",,,,,,,,,,,,,,,,,
"mesh","graphiconly","2a22a300638ce149de77ae7c2ec2a8f1a34c963ac8923d23a2da7ab0b3b.10",,608.47,3045.26,1011.23,0,33.52,0,,0.67,0.67,0.67,1,1,1,0,0,0,0,0,"mhash:///2a22a300638ce149de77ae7c2ec2a8f1a34c963ac8923d23a2da7ab0b3bc1782",,,,,,,,,,,,,,,,,
"mesh","graphiconly","a8ee8b72ea7303529c409a9d5e93b149654fc32e422a3d612c9c3546cc1.8",,593.17,3045.28,1053.95,0,33.52,0,,0.67,0.67,0.67,1,1,1,0,0,0,0,0,"mhash:///a8ee8b72ea7303529c409a9d5e93b149654fc32e422a3d612c9c3546cc11e552",,,,,,,,,,,,,,,,,
"mesh","graphiconly","c645c70f8993273cd065d69f22c048288451cc87932972c7caad8f1fe35.5",,632.69,3045.23,1074,0,-56.7,0,,3,3,3,1,1,1,0,0,0,0,0,"mhash:///c645c70f8993273cd065d69f22c048288451cc87932972c7caad8f1fe354d9ac",,,,,,,,,,,,,,,,,
"mesh","graphiconly","Tree_Common_trop_01.5",,659.01,3045.29,1048.82,0,-18.5,0,,1,0.84,1,1,1,1,0,0,0,0,0,"meru://cplatz@/Tree_Common_trop_01.mesh",,,,,,,,,,,,,,,,,
"mesh","graphiconly","67433313de9cfdf8a28c71aca67fb83aa9ed72566b919d6d67da27e9e5d.1",,708.78,3043.01,1097.16,0,-152.78,0,,8.51,8.51,10.94,1,1,1,0,0,0,0,0,"mhash:///67433313de9cfdf8a28c71aca67fb83aa9ed72566b919d6d67da27e9e5dd9c25",,,,,,,,,,,,,,,,,
"mesh","graphiconly","66b189d665dd968d94a1415393f0037299fc2d9a18ca457dba5038f9008.7",,618.9,3048.09,983.05,0,-94.62,0,,1,1,1,1,1,1,0,0,0,0,0,"mhash:///66b189d665dd968d94a1415393f0037299fc2d9a18ca457dba5038f90083157c",,,,,,,,,,,,,,,,,
"mesh","graphiconly","67c64e919500a1f7d51d59ef76d0423cceac53f75ed30b2616dc16977f1.8",,687.46,3045.66,1010.03,0,122.4,0,,0.37,0.47,0.47,1,1,1,0,0,0,0,0,"mhash:///67c64e919500a1f7d51d59ef76d0423cceac53f75ed30b2616dc16977f1c9366",,,,,,,,,,,,,,,,,
"mesh","graphiconly","c645c70f8993273cd065d69f22c048288451cc87932972c7caad8f1fe35.6",,609.03,3045.25,1013.62,0,-56.7,0,,3,3,3,1,1,1,0,0,0,0,0,"mhash:///c645c70f8993273cd065d69f22c048288451cc87932972c7caad8f1fe354d9ac",,,,,,,,,,,,,,,,,
"mesh","graphiconly","66b189d665dd968d94a1415393f0037299fc2d9a18ca457dba5038f9008.8",,650.03,3048.08,1021.93,0,-94.62,0,,1,1,1,1,1,1,0,0,0,0,0,"mhash:///66b189d665dd968d94a1415393f0037299fc2d9a18ca457dba5038f90083157c",,,,,,,,,,,,,,,,,
"mesh","graphiconly","Tree_Common_trop_01.6",,664.91,3045.59,1023.32,0,35.51,0,,1,0.84,1,1,1,1,0,0,0,0,0,"meru://cplatz@/Tree_Common_trop_01.mesh",,,,,,,,,,,,,,,,,
"mesh","graphiconly","15b5dc873aaae76a007f685713bd955f5f68b67912fb379f4e4287410b4",,740.85,3044.04,982.18,0,0,0,,1,1,1,1,1,1,0,0,0,0,0,"mhash:///15b5dc873aaae76a007f685713bd955f5f68b67912fb379f4e4287410b4f5f26",,,,,,,,,,,,,,,,,
"mesh","graphiconly","730712bbcb5508c11acad2ab8c368a380aae93699e3e4f22348a8e03b64.6",,592.12,3045.25,1044.06,0,33.51,0,,0.67,0.67,0.67,1,1,1,0,0,0,0,0,"mhash:///730712bbcb5508c11acad2ab8c368a380aae93699e3e4f22348a8e03b64cbe37",,,,,,,,,,,,,,,,,
"mesh","graphiconly","39f103dcdc948ec14005952bc94b801c73c0cdd617e58bee30f7abb73ba.2",,636.7,3053.65,962.05,0,-63.49,0,,1.52,0.94,1.52,1,1,1,0,0,0,0,0,"mhash:///39f103dcdc948ec14005952bc94b801c73c0cdd617e58bee30f7abb73ba527bd",,,,,,,,,,,,,,,,,
"mesh","graphiconly","67433313de9cfdf8a28c71aca67fb83aa9ed72566b919d6d67da27e9e5d.2",,574.94,3043.95,1001.76,0,-23.18,0,,7,7,9,1,1,1,0,0,0,0,0,"mhash:///67433313de9cfdf8a28c71aca67fb83aa9ed72566b919d6d67da27e9e5dd9c25",,,,,,,,,,,,,,,,,
"mesh","graphiconly","66b189d665dd968d94a1415393f0037299fc2d9a18ca457dba5038f9008.9",,0,0,0,0,0,0,,1,1,1,1,1,1,0,0,0,0,0,"mhash:///66b189d665dd968d94a1415393f0037299fc2d9a18ca457dba5038f90083157c",,,,,,,,,,,,,,,,,
"mesh","graphiconly","1fac664216868baca838a81a3bf6c5296a4418612a7af667087bad9b664.3",,618.45,3045.73,1031.32,0,-56.48,0,,1,1,1,1,1,1,0,0,0,0,0,"mhash:///1fac664216868baca838a81a3bf6c5296a4418612a7af667087bad9b664af823",,,,,,,,,,,,,,,,,
"mesh","graphiconly","Tree_Common_trop_01.7",,710.21,3043.79,1008.55,5.4,121.16,3.25,,1,0.91,1,1,1,1,0,0,0,0,0,"meru://cplatz@/Tree_Common_trop_01.mesh",,,,,,,,,,,,,,,,,
"mesh","graphiconly","6c3b6442f13efbfff3b9c394b7003164d9f258c45b0a5e264d63cbdff6b.1",,711.3,3044,999.89,0,-94.04,0,,1,1,1,1,1,1,0,0,0,0,0,"mhash:///6c3b6442f13efbfff3b9c394b7003164d9f258c45b0a5e264d63cbdff6bf99e0",,,,,,,,,,,,,,,,,
"mesh","graphiconly","8d59bdde0b207f0cc7d02879aecb9ade204082ae329a085f87a2735f8fc",,666.81,3045.41,1036.89,0,-108.44,0,,1,1,1,1,1,1,0,0,0,0,0,"mhash:///8d59bdde0b207f0cc7d02879aecb9ade204082ae329a085f87a2735f8fc8462e",,,,,,,,,,,,,,,,,
"mesh","graphiconly","a8ee8b72ea7303529c409a9d5e93b149654fc32e422a3d612c9c3546cc1.9",,694.13,3045.27,1015.95,0,33.52,0,,0.67,0.67,0.67,1,1,1,0,0,0,0,0,"mhash:///a8ee8b72ea7303529c409a9d5e93b149654fc32e422a3d612c9c3546cc11e552",,,,,,,,,,,,,,,,,
"mesh","graphiconly","67c64e919500a1f7d51d59ef76d0423cceac53f75ed30b2616dc16977f1.9",,678.65,3045.56,996.97,0,122.4,0,,0.47,0.6,0.6,1,1,1,0,0,0,0,0,"mhash:///67c64e919500a1f7d51d59ef76d0423cceac53f75ed30b2616dc16977f1c9366",,,,,,,,,,,,,,,,,
"mesh","graphiconly","e2bea3f4d91a4f3e514c29be3ab6370a700dc55eb205321037dab9d477f.5",,615.01,3045.31,1033.19,0,18.28,0,,0.24,0.24,0.24,1,1,1,0,0,0,0,0,"mhash:///e2bea3f4d91a4f3e514c29be3ab6370a700dc55eb205321037dab9d477f1d511",,,,,,,,,,,,,,,,,
"mesh","graphiconly","67c64e919500a1f7d51d59ef76d0423cceac53f75ed30b2616dc16977f1.10",,675.98,3045.57,1068.86,0,32.4,0,,0.47,0.6,0.6,1,1,1,0,0,0,0,0,"mhash:///67c64e919500a1f7d51d59ef76d0423cceac53f75ed30b2616dc16977f1c9366",,,,,,,,,,,,,,,,,
"mesh","graphiconly","e2bea3f4d91a4f3e514c29be3ab6370a700dc55eb205321037dab9d477f.6",,617.61,3045.31,1019.89,0,18.28,0,,0.24,0.24,0.24,1,1,1,0,0,0,0,0,"mhash:///e2bea3f4d91a4f3e514c29be3ab6370a700dc55eb205321037dab9d477f1d511",,,,,,,,,,,,,,,,,
"mesh","graphiconly","15b5dc873aaae76a007f685713bd955f5f68b67912fb379f4e4287410b4.1",,749.9,3044.04,969.05,0,0,0,,1,1,1,1,1,1,0,0,0,0,0,"mhash:///15b5dc873aaae76a007f685713bd955f5f68b67912fb379f4e4287410b4f5f26",,,,,,,,,,,,,,,,,
"mesh","graphiconly","67c64e919500a1f7d51d59ef76d0423cceac53f75ed30b2616dc16977f1.11",,617.28,3045.48,1035.6,0,122.4,0,,0.34,0.44,0.44,1,1,1,0,0,0,0,0,"mhash:///67c64e919500a1f7d51d59ef76d0423cceac53f75ed30b2616dc16977f1c9366",,,,,,,,,,,,,,,,,
"mesh","graphiconly","1fac664216868baca838a81a3bf6c5296a4418612a7af667087bad9b664.4",,640.75,3045.73,1009.42,0,33.52,0,,1,1,1,1,1,1,0,0,0,0,0,"mhash:///1fac664216868baca838a81a3bf6c5296a4418612a7af667087bad9b664af823",,,,,,,,,,,,,,,,,
"mesh","graphiconly","67c64e919500a1f7d51d59ef76d0423cceac53f75ed30b2616dc16977f1.12",,666.41,3045.44,1059.31,0,-57.6,0,,0.41,0.41,0.41,1,1,1,0,0,0,0,0,"mhash:///67c64e919500a1f7d51d59ef76d0423cceac53f75ed30b2616dc16977f1c9366",,,,,,,,,,,,,,,,,
"mesh","graphiconly","2a22a300638ce149de77ae7c2ec2a8f1a34c963ac8923d23a2da7ab0b3b.11",,603.64,3045.34,1003.92,0,33.52,0,,0.67,0.67,0.67,1,1,1,0,0,0,0,0,"mhash:///2a22a300638ce149de77ae7c2ec2a8f1a34c963ac8923d23a2da7ab0b3bc1782",,,,,,,,,,,,,,,,,
"mesh","graphiconly","730712bbcb5508c11acad2ab8c368a380aae93699e3e4f22348a8e03b64.7",,647.05,3045.27,1019.14,0,139.71,0,,0.67,0.67,0.67,1,1,1,0,0,0,0,0,"mhash:///730712bbcb5508c11acad2ab8c368a380aae93699e3e4f22348a8e03b64cbe37",,,,,,,,,,,,,,,,,
"mesh","graphiconly","1fac664216868baca838a81a3bf6c5296a4418612a7af667087bad9b664.5",,661.25,3045.73,1040.82,0,33.52,0,,1,1,1,1,1,1,0,0,0,0,0,"mhash:///1fac664216868baca838a81a3bf6c5296a4418612a7af667087bad9b664af823",,,,,,,,,,,,,,,,,
"mesh","graphiconly","730712bbcb5508c11acad2ab8c368a380aae93699e3e4f22348a8e03b64.8",,680.6,3045.24,1068.57,0,-147.39,0,,0.67,0.67,0.67,1,1,1,0,0,0,0,0,"mhash:///730712bbcb5508c11acad2ab8c368a380aae93699e3e4f22348a8e03b64cbe37",,,,,,,,,,,,,,,,,
"mesh","graphiconly","a8ee8b72ea7303529c409a9d5e93b149654fc32e422a3d612c9c3546cc1.10",,689.34,3045.29,1008.57,0,33.52,0,,0.67,0.67,0.67,1,1,1,0,0,0,0,0,"mhash:///a8ee8b72ea7303529c409a9d5e93b149654fc32e422a3d612c9c3546cc11e552",,,,,,,,,,,,,,,,,
"mesh","graphiconly","67c64e919500a1f7d51d59ef76d0423cceac53f75ed30b2616dc16977f1.13",,653.16,3045.44,1058.93,0,-57.6,0,,0.44,0.44,0.44,1,1,1,0,0,0,0,0,"mhash:///67c64e919500a1f7d51d59ef76d0423cceac53f75ed30b2616dc16977f1c9366",,,,,,,,,,,,,,,,,
"mesh","graphiconly","2a22a300638ce149de77ae7c2ec2a8f1a34c963ac8923d23a2da7ab0b3b.12",,679.42,3045.34,1025.62,0,33.52,0,,0.67,0.67,0.67,1,1,1,0,0,0,0,0,"mhash:///2a22a300638ce149de77ae7c2ec2a8f1a34c963ac8923d23a2da7ab0b3bc1782",,,,,,,,,,,,,,,,,
"mesh","graphiconly","b4f72c6264b55bcb679e3df28b87be9a68db3645d82c445631f396697a5",,742.45,3044.14,953.65,0,-55.8,0,,1,1,1,1,1,1,0,0,0,0,0,"mhash:///b4f72c6264b55bcb679e3df28b87be9a68db3645d82c445631f396697a598a51",,,,,,,,,,,,,,,,,
"mesh","graphiconly","8ea94afdd78114997490f01e5339e32110b3f1a148487407dd479c566bd.3",,599.32,3045.24,1039.3,0,33.52,0,,0.65,0.65,0.65,1,1,1,0,0,0,0,0,"mhash:///8ea94afdd78114997490f01e5339e32110b3f1a148487407dd479c566bd34ef0",,,,,,,,,,,,,,,,,
"mesh","graphiconly","Tree_Common_trop_01.8",,0,0,0,0,0,0,,1,1.07,1,1,1,1,0,0,0,0,0,"meru://cplatz@/Tree_Common_trop_01.mesh",,,,,,,,,,,,,,,,,
"mesh","graphiconly","67c64e919500a1f7d51d59ef76d0423cceac53f75ed30b2616dc16977f1.14",,620.6,3045.45,1009.84,0,-57.6,0,,0.55,0.55,0.55,1,1,1,0,0,0,0,0,"mhash:///67c64e919500a1f7d51d59ef76d0423cceac53f75ed30b2616dc16977f1c9366",,,,,,,,,,,,,,,,,
"mesh","graphiconly","1fac664216868baca838a81a3bf6c5296a4418612a7af667087bad9b664.6",,664.59,3045.79,1036.57,0,77.62,0,,1,1,1,1,1,1,0,0,0,0,0,"mhash:///1fac664216868baca838a81a3bf6c5296a4418612a7af667087bad9b664af823",,,,,,,,,,,,,,,,,
"mesh","graphiconly","Tree_Common_trop_01.9",,659.68,3045.29,1069.18,0,-19.39,0,,1,0.84,1,1,1,1,0,0,0,0,0,"meru://cplatz@/Tree_Common_trop_01.mesh",,,,,,,,,,,,,,,,,
"mesh","graphiconly","a8ee8b72ea7303529c409a9d5e93b149654fc32e422a3d612c9c3546cc1.11",,588.43,3045.31,1046.53,0,33.52,0,,0.67,0.67,0.67,1,1,1,0,0,0,0,0,"mhash:///a8ee8b72ea7303529c409a9d5e93b149654fc32e422a3d612c9c3546cc11e552",,,,,,,,,,,,,,,,,
"mesh","graphiconly","8ea94afdd78114997490f01e5339e32110b3f1a148487407dd479c566bd.4",,628.48,3045.25,1069.28,0,-56.48,0,,0.67,0.67,0.67,1,1,1,0,0,0,0,0,"mhash:///8ea94afdd78114997490f01e5339e32110b3f1a148487407dd479c566bd34ef0",,,,,,,,,,,,,,,,,
"mesh","graphiconly","67c64e919500a1f7d51d59ef76d0423cceac53f75ed30b2616dc16977f1.15",,665.55,3045.47,1027.23,0,122.4,0,,0.37,0.47,0.47,1,1,1,0,0,0,0,0,"mhash:///67c64e919500a1f7d51d59ef76d0423cceac53f75ed30b2616dc16977f1c9366",,,,,,,,,,,,,,,,,
"mesh","graphiconly","c645c70f8993273cd065d69f22c048288451cc87932972c7caad8f1fe35.7",,658.87,3045.26,998.96,0,-56.7,0,,3,3,2.97,1,1,1,0,0,0,0,0,"mhash:///c645c70f8993273cd065d69f22c048288451cc87932972c7caad8f1fe354d9ac",,,,,,,,,,,,,,,,,
"mesh","graphiconly","730712bbcb5508c11acad2ab8c368a380aae93699e3e4f22348a8e03b64.9",,601.21,3045.26,1000.2,0,122.61,0,,0.67,0.67,0.67,1,1,1,0,0,0,0,0,"mhash:///730712bbcb5508c11acad2ab8c368a380aae93699e3e4f22348a8e03b64cbe37",,,,,,,,,,,,,,,,,
"mesh","graphiconly","c52489764f017aeedcb389927c1dff3c2928dedd92e7015a06456438412",,647.84,3045.54,1001.99,0,164.98,0,,0.45,0.45,0.45,1,1,1,0,0,0,0,0,"mhash:///c52489764f017aeedcb389927c1dff3c2928dedd92e7015a0645643841216e11",,,,,,,,,,,,,,,,,
"mesh","graphiconly","Tree_Common_trop_01.10",,614.5,3045.29,1000.25,0,61.6,0,,0.85,0.71,1.13,1,1,1,0,0,0,0,0,"meru://cplatz@/Tree_Common_trop_01.mesh",,,,,,,,,,,,,,,,,
"mesh","graphiconly","e2bea3f4d91a4f3e514c29be3ab6370a700dc55eb205321037dab9d477f.7",,640.16,3045.31,1005.02,0,18.28,0,,0.24,0.24,0.24,1,1,1,0,0,0,0,0,"mhash:///e2bea3f4d91a4f3e514c29be3ab6370a700dc55eb205321037dab9d477f1d511",,,,,,,,,,,,,,,,,
"mesh","graphiconly","67c64e919500a1f7d51d59ef76d0423cceac53f75ed30b2616dc16977f1.16",,607.35,3045.45,1047.65,0,-147.6,0,,0.31,0.31,0.31,1,1,1,0,0,0,0,0,"mhash:///67c64e919500a1f7d51d59ef76d0423cceac53f75ed30b2616dc16977f1c9366",,,,,,,,,,,,,,,,,
"mesh","graphiconly","6b38903bb23ee2c8a1b13592f1c8bf5ea8b795e1242a1962f71fc994e9f",,670.09,3045.41,1025.02,0,-94.04,0,,1,1,1,1,1,1,0,0,0,0,0,"mhash:///6b38903bb23ee2c8a1b13592f1c8bf5ea8b795e1242a1962f71fc994e9f6b448",,,,,,,,,,,,,,,,,
"mesh","graphiconly","2a22a300638ce149de77ae7c2ec2a8f1a34c963ac8923d23a2da7ab0b3b.13",,604.06,3045.26,1032.01,0,33.52,0,,0.67,0.67,0.67,1,1,1,0,0,0,0,0,"mhash:///2a22a300638ce149de77ae7c2ec2a8f1a34c963ac8923d23a2da7ab0b3bc1782",,,,,,,,,,,,,,,,,
"mesh","graphiconly","a8ee8b72ea7303529c409a9d5e93b149654fc32e422a3d612c9c3546cc1.12",,605.89,3045.27,991.93,0,33.52,0,,0.67,0.67,0.67,1,1,1,0,0,0,0,0,"mhash:///a8ee8b72ea7303529c409a9d5e93b149654fc32e422a3d612c9c3546cc11e552",,,,,,,,,,,,,,,,,
"mesh","graphiconly","5fefb526833b81035cd7cad1e8d03c93fcc5b130155471d7437d876a722",,586.89,3039.95,1088.4,0,-64.8,0,,7,7,7,1,1,1,0,0,0,0,0,"mhash:///5fefb526833b81035cd7cad1e8d03c93fcc5b130155471d7437d876a7225f9c2",,,,,,,,,,,,,,,,,
"mesh","graphiconly","2a22a300638ce149de77ae7c2ec2a8f1a34c963ac8923d23a2da7ab0b3b.14",,684.17,3045.31,1014.8,0,33.52,0,,1,0.66,1,1,1,1,0,0,0,0,0,"mhash:///2a22a300638ce149de77ae7c2ec2a8f1a34c963ac8923d23a2da7ab0b3bc1782",,,,,,,,,,,,,,,,,
"mesh","graphiconly","8d59bdde0b207f0cc7d02879aecb9ade204082ae329a085f87a2735f8fc.1",,667.17,3045.25,1008.05,0,-150.8,0,,1,1,1,1,1,1,0,0,0,0,0,"mhash:///8d59bdde0b207f0cc7d02879aecb9ade204082ae329a085f87a2735f8fc8462e",,,,,,,,,,,,,,,,,
"mesh","graphiconly","66b189d665dd968d94a1415393f0037299fc2d9a18ca457dba5038f9008.10",,676.87,3048.06,1070.97,0,-94.62,0,,1,1,1,1,1,1,0,0,0,0,0,"mhash:///66b189d665dd968d94a1415393f0037299fc2d9a18ca457dba5038f90083157c",,,,,,,,,,,,,,,,,
"mesh","graphiconly","8ea94afdd78114997490f01e5339e32110b3f1a148487407dd479c566bd.5",,617.76,3045.26,1066.69,0,33.52,0,,0.71,0.67,0.93,1,1,1,0,0,0,0,0,"mhash:///8ea94afdd78114997490f01e5339e32110b3f1a148487407dd479c566bd34ef0",,,,,,,,,,,,,,,,,
"mesh","graphiconly","a8ee8b72ea7303529c409a9d5e93b149654fc32e422a3d612c9c3546cc1.13",,650.86,3045.31,1039.57,0,33.52,0,,0.67,0.67,0.67,1,1,1,0,0,0,0,0,"mhash:///a8ee8b72ea7303529c409a9d5e93b149654fc32e422a3d612c9c3546cc11e552",,,,,,,,,,,,,,,,,
"mesh","graphiconly","6395fb5e35291a10d2400946497e0b95a25d5dc0fb08b350d3aa9c3781f.1",,585.63,3044.06,1015.4,0,-156.38,0,,4.07,4.07,4.07,1,1,1,0,0,0,0,0,"mhash:///6395fb5e35291a10d2400946497e0b95a25d5dc0fb08b350d3aa9c3781facfc8",,,,,,,,,,,,,,,,,
"mesh","graphiconly","a8ee8b72ea7303529c409a9d5e93b149654fc32e422a3d612c9c3546cc1.14",,684.08,3045.31,1066.3,0,33.52,0,,0.67,0.67,0.67,1,1,1,0,0,0,0,0,"mhash:///a8ee8b72ea7303529c409a9d5e93b149654fc32e422a3d612c9c3546cc11e552",,,,,,,,,,,,,,,,,
"mesh","graphiconly","66b189d665dd968d94a1415393f0037299fc2d9a18ca457dba5038f9008.11",,598.82,3048.03,996.47,0,-94.62,0,,1,1,1,1,1,1,0,0,0,0,0,"mhash:///66b189d665dd968d94a1415393f0037299fc2d9a18ca457dba5038f90083157c",,,,,,,,,,,,,,,,,
"mesh","graphiconly","b4f72c6264b55bcb679e3df28b87be9a68db3645d82c445631f396697a5.1",,591.83,3043.89,948.3,0,-59.4,0,,1,1,1,1,1,1,0,0,0,0,0,"mhash:///b4f72c6264b55bcb679e3df28b87be9a68db3645d82c445631f396697a598a51",,,,,,,,,,,,,,,,,
"mesh","graphiconly","c645c70f8993273cd065d69f22c048288451cc87932972c7caad8f1fe35.8",,684.84,3045.16,1039.96,0,-56.7,0,,3,3,3,1,1,1,0,0,0,0,0,"mhash:///c645c70f8993273cd065d69f22c048288451cc87932972c7caad8f1fe354d9ac",,,,,,,,,,,,,,,,,
"mesh","graphiconly","67c64e919500a1f7d51d59ef76d0423cceac53f75ed30b2616dc16977f1.17",,662.41,3045.46,1044.56,0,32.4,0,,0.36,0.46,0.46,1,1,1,0,0,0,0,0,"mhash:///67c64e919500a1f7d51d59ef76d0423cceac53f75ed30b2616dc16977f1c9366",,,,,,,,,,,,,,,,,
"mesh","graphiconly","a8ee8b72ea7303529c409a9d5e93b149654fc32e422a3d612c9c3546cc1.15",,680.89,3045.31,995.92,0,33.52,0,,0.67,0.67,0.67,1,1,1,0,0,0,0,0,"mhash:///a8ee8b72ea7303529c409a9d5e93b149654fc32e422a3d612c9c3546cc11e552",,,,,,,,,,,,,,,,,
"mesh","graphiconly","66b189d665dd968d94a1415393f0037299fc2d9a18ca457dba5038f9008.12",,689.36,3048.09,1008.57,0,-94.62,0,,1,1,1,1,1,1,0,0,0,0,0,"mhash:///66b189d665dd968d94a1415393f0037299fc2d9a18ca457dba5038f90083157c",,,,,,,,,,,,,,,,,
"mesh","graphiconly","5fefb526833b81035cd7cad1e8d03c93fcc5b130155471d7437d876a722.1",,566.78,3039.37,1050.9,0,-137.7,0,,7,7,7,1,1,1,0,0,0,0,0,"mhash:///5fefb526833b81035cd7cad1e8d03c93fcc5b130155471d7437d876a7225f9c2",,,,,,,,,,,,,,,,,
"mesh","graphiconly","8ea94afdd78114997490f01e5339e32110b3f1a148487407dd479c566bd.6",,644.3,3045.26,991.6,0,33.52,0,,0.65,0.65,0.65,1,1,1,0,0,0,0,0,"mhash:///8ea94afdd78114997490f01e5339e32110b3f1a148487407dd479c566bd34ef0",,,,,,,,,,,,,,,,,
"mesh","graphiconly","8ea94afdd78114997490f01e5339e32110b3f1a148487407dd479c566bd.7",,0,0,0,0,0,0,,0.65,0.65,0.65,1,1,1,0,0,0,0,0,"mhash:///8ea94afdd78114997490f01e5339e32110b3f1a148487407dd479c566bd34ef0",,,,,,,,,,,,,,,,,
"mesh","graphiconly","67433313de9cfdf8a28c71aca67fb83aa9ed72566b919d6d67da27e9e5d.3",,648.86,3039.02,1137.02,-0.74,72.6,12.5,,13.72,15.65,17.64,1,1,1,0,0,0,0,0,"mhash:///67433313de9cfdf8a28c71aca67fb83aa9ed72566b919d6d67da27e9e5dd9c25",,,,,,,,,,,,,,,,,
"mesh","graphiconly","730712bbcb5508c11acad2ab8c368a380aae93699e3e4f22348a8e03b64.10",,642.07,3045.28,1044.11,0,-163.59,0,,0.67,0.67,0.67,1,1,1,0,0,0,0,0,"mhash:///730712bbcb5508c11acad2ab8c368a380aae93699e3e4f22348a8e03b64cbe37",,,,,,,,,,,,,,,,,
"mesh","graphiconly","2a22a300638ce149de77ae7c2ec2a8f1a34c963ac8923d23a2da7ab0b3b.15",,595.89,3045.25,1041.61,0,33.52,0,,0.67,0.67,0.67,1,1,1,0,0,0,0,0,"mhash:///2a22a300638ce149de77ae7c2ec2a8f1a34c963ac8923d23a2da7ab0b3bc1782",,,,,,,,,,,,,,,,,
"mesh","graphiconly","8ea94afdd78114997490f01e5339e32110b3f1a148487407dd479c566bd.8",,649.55,3045.25,1073.56,0,-56.48,0,,0.67,0.67,0.67,1,1,1,0,0,0,0,0,"mhash:///8ea94afdd78114997490f01e5339e32110b3f1a148487407dd479c566bd34ef0",,,,,,,,,,,,,,,,,
"mesh","graphiconly","c645c70f8993273cd065d69f22c048288451cc87932972c7caad8f1fe35.9",,674.12,3045.25,1049.15,0,-56.7,0,,3,3,3,1,1,1,0,0,0,0,0,"mhash:///c645c70f8993273cd065d69f22c048288451cc87932972c7caad8f1fe354d9ac",,,,,,,,,,,,,,,,,
"mesh","graphiconly","8d59bdde0b207f0cc7d02879aecb9ade204082ae329a085f87a2735f8fc.2",,646.69,3045.21,1005.84,0,-60.74,0,,1,1,1,1,1,1,0,0,0,0,0,"mhash:///8d59bdde0b207f0cc7d02879aecb9ade204082ae329a085f87a2735f8fc8462e",,,,,,,,,,,,,,,,,
"mesh","graphiconly","a8ee8b72ea7303529c409a9d5e93b149654fc32e422a3d612c9c3546cc1.16",,602.01,3045.28,1067.02,0,33.52,0,,0.67,0.67,0.67,1,1,1,0,0,0,0,0,"mhash:///a8ee8b72ea7303529c409a9d5e93b149654fc32e422a3d612c9c3546cc11e552",,,,,,,,,,,,,,,,,
"mesh","graphiconly","2a22a300638ce149de77ae7c2ec2a8f1a34c963ac8923d23a2da7ab0b3b.16",,674.53,3045.33,1051.82,0,33.52,0,,0.67,0.67,0.67,1,1,1,0,0,0,0,0,"mhash:///2a22a300638ce149de77ae7c2ec2a8f1a34c963ac8923d23a2da7ab0b3bc1782",,,,,,,,,,,,,,,,,
"mesh","graphiconly","67c64e919500a1f7d51d59ef76d0423cceac53f75ed30b2616dc16977f1.18",,625.48,3045.45,997.61,0,-57.6,0,,0.42,0.42,0.42,1,1,1,0,0,0,0,0,"mhash:///67c64e919500a1f7d51d59ef76d0423cceac53f75ed30b2616dc16977f1c9366",,,,,,,,,,,,,,,,,
"mesh","graphiconly","587f1539716aff0ebcb2d4aad7a60ca562d6d747a9e98c0a8f131c586fa.2",,740.65,3043.76,917.25,0,32.4,0,,1,1,1,1,1,1,0,0,0,0,0,"mhash:///587f1539716aff0ebcb2d4aad7a60ca562d6d747a9e98c0a8f131c586fa645db",,,,,,,,,,,,,,,,,
"mesh","graphiconly","67c64e919500a1f7d51d59ef76d0423cceac53f75ed30b2616dc16977f1.19",,616.3,3045.45,1003.16,0,-57.6,0,,0.35,0.35,0.35,1,1,1,0,0,0,0,0,"mhash:///67c64e919500a1f7d51d59ef76d0423cceac53f75ed30b2616dc16977f1c9366",,,,,,,,,,,,,,,,,
"mesh","graphiconly","da542c0771306094157836a55c5645e9cb0e4c56d9ecdb5e02e3ea4b59d",,735,1600,967,0,0,0,,100,100,100,1,1,1,0,0,0,0,0,"mhash:///da542c0771306094157836a55c5645e9cb0e4c56d9ecdb5e02e3ea4b59dc0c4b",,,,,,,,,,,,,,,,,
"mesh","graphiconly","c52489764f017aeedcb389927c1dff3c2928dedd92e7015a06456438412.1",,670.46,3045.54,1037.66,0,74.98,0,,0.45,0.45,0.45,1,1,1,0,0,0,0,0,"mhash:///c52489764f017aeedcb389927c1dff3c2928dedd92e7015a0645643841216e11",,,,,,,,,,,,,,,,,
"mesh","graphiconly","Tree_Common_trop_01.11",,672.88,3045.29,1003.93,0,-137.29,0,,1,1,1,1,1,1,0,0,0,0,0,"meru://cplatz@/Tree_Common_trop_01.mesh",,,,,,,,,,,,,,,,,
"mesh","graphiconly","c645c70f8993273cd065d69f22c048288451cc87932972c7caad8f1fe35.10",,649.97,3045.35,988.84,0,-56.7,0,,3,3,3,1,1,1,0,0,0,0,0,"mhash:///c645c70f8993273cd065d69f22c048288451cc87932972c7caad8f1fe354d9ac",,,,,,,,,,,,,,,,,
"mesh","graphiconly","e2bea3f4d91a4f3e514c29be3ab6370a700dc55eb205321037dab9d477f.8",,602.7,3045.31,1050.85,0,18.28,0,,0.24,0.24,0.24,1,1,1,0,0,0,0,0,"mhash:///e2bea3f4d91a4f3e514c29be3ab6370a700dc55eb205321037dab9d477f1d511",,,,,,,,,,,,,,,,,
"mesh","graphiconly","e2bea3f4d91a4f3e514c29be3ab6370a700dc55eb205321037dab9d477f.9",,625.46,3045.31,1048.79,0,18.28,0,,0.24,0.09,0.24,1,1,1,0,0,0,0,0,"mhash:///e2bea3f4d91a4f3e514c29be3ab6370a700dc55eb205321037dab9d477f1d511",,,,,,,,,,,,,,,,,
"mesh","graphiconly","587f1539716aff0ebcb2d4aad7a60ca562d6d747a9e98c0a8f131c586fa.3",,684.01,3043.81,1095.33,0,33.52,0,,1,1,1,1,1,1,0,0,0,0,0,"mhash:///587f1539716aff0ebcb2d4aad7a60ca562d6d747a9e98c0a8f131c586fa645db",,,,,,,,,,,,,,,,,
"mesh","graphiconly","Tree_Common_trop_01.12",,650.95,3045.29,1054.94,0,97.61,0,,1,0.84,1,1,1,1,0,0,0,0,0,"meru://cplatz@/Tree_Common_trop_01.mesh",,,,,,,,,,,,,,,,,
"mesh","graphiconly","5d4f7f4f48f66b18a91d699b91e966abf6dcc9f11a3637915ce8bb0101e",,688.47,3044.25,1000.12,0,122.95,0,,1,1,1,1,1,1,0,0,0,0,0,"mhash:///5d4f7f4f48f66b18a91d699b91e966abf6dcc9f11a3637915ce8bb0101ef18e1",,,,,,,,,,,,,,,,,
"mesh","graphiconly","587f1539716aff0ebcb2d4aad7a60ca562d6d747a9e98c0a8f131c586fa.4",,700.84,3043.81,1120.76,0,33.52,0,,1,1,1,1,1,1,0,0,0,0,0,"mhash:///587f1539716aff0ebcb2d4aad7a60ca562d6d747a9e98c0a8f131c586fa645db",,,,,,,,,,,,,,,,,
"mesh","graphiconly","ed9fbfdbbb9139a3ac2193e185cfa180a46584fac0b4e99768e91e0a132.4",,735.72,3038.38,991.84,-0.34,59.26,-1.51,,8.85,8.85,8.85,1,1,1,0,0,0,0,0,"mhash:///ed9fbfdbbb9139a3ac2193e185cfa180a46584fac0b4e99768e91e0a1329aeeb",,,,,,,,,,,,,,,,,
"mesh","graphiconly","730712bbcb5508c11acad2ab8c368a380aae93699e3e4f22348a8e03b64.11",,590.8,3045.23,1050.24,0,122.61,0,,0.67,0.67,0.67,1,1,1,0,0,0,0,0,"mhash:///730712bbcb5508c11acad2ab8c368a380aae93699e3e4f22348a8e03b64cbe37",,,,,,,,,,,,,,,,,
"mesh","graphiconly","730712bbcb5508c11acad2ab8c368a380aae93699e3e4f22348a8e03b64.12",,653.31,3045.31,1036.96,0,-132.99,0,,0.67,0.67,0.67,1,1,1,0,0,0,0,0,"mhash:///730712bbcb5508c11acad2ab8c368a380aae93699e3e4f22348a8e03b64cbe37",,,,,,,,,,,,,,,,,
"mesh","graphiconly","c52489764f017aeedcb389927c1dff3c2928dedd92e7015a06456438412.2",,612.25,3045.54,1025.08,0,-105.92,0,,0.45,0.45,0.45,1,1,1,0,0,0,0,0,"mhash:///c52489764f017aeedcb389927c1dff3c2928dedd92e7015a0645643841216e11",,,,,,,,,,,,,,,,,
"mesh","graphiconly","e2bea3f4d91a4f3e514c29be3ab6370a700dc55eb205321037dab9d477f.10",,608.19,3045.31,1059.97,0,18.28,0,,0.24,0.24,0.24,1,1,1,0,0,0,0,0,"mhash:///e2bea3f4d91a4f3e514c29be3ab6370a700dc55eb205321037dab9d477f1d511",,,,,,,,,,,,,,,,,
"mesh","graphiconly","2a22a300638ce149de77ae7c2ec2a8f1a34c963ac8923d23a2da7ab0b3b.17",,662.31,3045.27,997.52,0,33.52,0,,0.67,0.67,0.67,1,1,1,0,0,0,0,0,"mhash:///2a22a300638ce149de77ae7c2ec2a8f1a34c963ac8923d23a2da7ab0b3bc1782",,,,,,,,,,,,,,,,,
"mesh","graphiconly","e2bea3f4d91a4f3e514c29be3ab6370a700dc55eb205321037dab9d477f.11",,657.33,3045.31,1014.27,0,18.28,0,,0.24,0.24,0.24,1,1,1,0,0,0,0,0,"mhash:///e2bea3f4d91a4f3e514c29be3ab6370a700dc55eb205321037dab9d477f1d511",,,,,,,,,,,,,,,,,
"mesh","graphiconly","e2bea3f4d91a4f3e514c29be3ab6370a700dc55eb205321037dab9d477f.12",,663.29,3045.31,1023.82,0,18.28,0,,0.24,0.24,0.24,1,1,1,0,0,0,0,0,"mhash:///e2bea3f4d91a4f3e514c29be3ab6370a700dc55eb205321037dab9d477f1d511",,,,,,,,,,,,,,,,,
"mesh","graphiconly","730712bbcb5508c11acad2ab8c368a380aae93699e3e4f22348a8e03b64.13",,654.35,3045.27,1080.78,0,122.61,0,,0.67,0.67,0.67,1,1,1,0,0,0,0,0,"mhash:///730712bbcb5508c11acad2ab8c368a380aae93699e3e4f22348a8e03b64cbe37",,,,,,,,,,,,,,,,,
"mesh","graphiconly","67c64e919500a1f7d51d59ef76d0423cceac53f75ed30b2616dc16977f1.20",,620.67,3045.43,1018.24,0,32.4,0,,0.37,0.48,0.48,1,1,1,0,0,0,0,0,"mhash:///67c64e919500a1f7d51d59ef76d0423cceac53f75ed30b2616dc16977f1c9366",,,,,,,,,,,,,,,,,
"mesh","graphiconly","2a22a300638ce149de77ae7c2ec2a8f1a34c963ac8923d23a2da7ab0b3b.18",,683.18,3045.25,1042.15,0,33.52,0,,0.67,0.67,0.67,1,1,1,0,0,0,0,0,"mhash:///2a22a300638ce149de77ae7c2ec2a8f1a34c963ac8923d23a2da7ab0b3bc1782",,,,,,,,,,,,,,,,,
"mesh","graphiconly","2a22a300638ce149de77ae7c2ec2a8f1a34c963ac8923d23a2da7ab0b3b.19",,630.96,3045.26,985.99,0,33.52,0,,0.67,0.67,0.67,1,1,1,0,0,0,0,0,"mhash:///2a22a300638ce149de77ae7c2ec2a8f1a34c963ac8923d23a2da7ab0b3bc1782",,,,,,,,,,,,,,,,,
"mesh","graphiconly","66b189d665dd968d94a1415393f0037299fc2d9a18ca457dba5038f9008.13",,606.63,3048.05,1074.06,0,-94.62,0,,1,1,1,1,1,1,0,0,0,0,0,"mhash:///66b189d665dd968d94a1415393f0037299fc2d9a18ca457dba5038f90083157c",,,,,,,,,,,,,,,,,
"mesh","graphiconly","5d4f7f4f48f66b18a91d699b91e966abf6dcc9f11a3637915ce8bb0101e.1",,610.16,3044.25,984.16,0,-145.75,0,,1,1,1,1,1,1,0,0,0,0,0,"mhash:///5d4f7f4f48f66b18a91d699b91e966abf6dcc9f11a3637915ce8bb0101ef18e1",,,,,,,,,,,,,,,,,
"mesh","graphiconly","11e67e525fe48562c415aca109986d21cff9f43a0aebb2b251c8cf859da",,641.41,3045.37,1031.42,0,33.52,0,,1,0.52,1,1,1,1,0,0,0,0,0,"mhash:///11e67e525fe48562c415aca109986d21cff9f43a0aebb2b251c8cf859daf2ba5",,,,,,,,,,,,,,,,,
"mesh","graphiconly","c645c70f8993273cd065d69f22c048288451cc87932972c7caad8f1fe35.11",,638.16,3045.25,994.37,0,-56.7,0,,3,3,3,1,1,1,0,0,0,0,0,"mhash:///c645c70f8993273cd065d69f22c048288451cc87932972c7caad8f1fe354d9ac",,,,,,,,,,,,,,,,,
"mesh","graphiconly","8ea94afdd78114997490f01e5339e32110b3f1a148487407dd479c566bd.9",,633.17,3045.21,989.56,0,-56.48,0,,0.67,0.67,0.67,1,1,1,0,0,0,0,0,"mhash:///8ea94afdd78114997490f01e5339e32110b3f1a148487407dd479c566bd34ef0",,,,,,,,,,,,,,,,,
"mesh","graphiconly","8d59bdde0b207f0cc7d02879aecb9ade204082ae329a085f87a2735f8fc.3",,655.3,3045.41,1062.4,0,-9,0,,1,1,1,1,1,1,0,0,0,0,0,"mhash:///8d59bdde0b207f0cc7d02879aecb9ade204082ae329a085f87a2735f8fc8462e",,,,,,,,,,,,,,,,,
"mesh","graphiconly","e2bea3f4d91a4f3e514c29be3ab6370a700dc55eb205321037dab9d477f.13",,680.21,3045.29,1012.39,0,18.28,0,,0.24,0.24,0.24,1,1,1,0,0,0,0,0,"mhash:///e2bea3f4d91a4f3e514c29be3ab6370a700dc55eb205321037dab9d477f1d511",,,,,,,,,,,,,,,,,
"mesh","graphiconly","2a22a300638ce149de77ae7c2ec2a8f1a34c963ac8923d23a2da7ab0b3b.20",,600.48,3045.26,1020.38,0,33.52,0,,0.67,0.67,0.67,1,1,1,0,0,0,0,0,"mhash:///2a22a300638ce149de77ae7c2ec2a8f1a34c963ac8923d23a2da7ab0b3bc1782",,,,,,,,,,,,,,,,,
"mesh","graphiconly","a8ee8b72ea7303529c409a9d5e93b149654fc32e422a3d612c9c3546cc1.17",,645.57,3045.31,1043.08,0,33.52,0,,0.67,0.67,0.67,1,1,1,0,0,0,0,0,"mhash:///a8ee8b72ea7303529c409a9d5e93b149654fc32e422a3d612c9c3546cc11e552",,,,,,,,,,,,,,,,,
"mesh","graphiconly","15b5dc873aaae76a007f685713bd955f5f68b67912fb379f4e4287410b4.2",,749.04,3044.04,980.72,0,0,0,,1,1,1,1,1,1,0,0,0,0,0,"mhash:///15b5dc873aaae76a007f685713bd955f5f68b67912fb379f4e4287410b4f5f26",,,,,,,,,,,,,,,,,
"mesh","graphiconly","8ea94afdd78114997490f01e5339e32110b3f1a148487407dd479c566bd.10",,0,0,0,0,0,0,,0.67,0.67,0.67,1,1,1,0,0,0,0,0,"mhash:///8ea94afdd78114997490f01e5339e32110b3f1a148487407dd479c566bd34ef0",,,,,,,,,,,,,,,,,
"mesh","graphiconly","66b189d665dd968d94a1415393f0037299fc2d9a18ca457dba5038f9008.14",,632.22,3048.08,1022.47,0,-94.62,0,,1,1,1,1,1,1,0,0,0,0,0,"mhash:///66b189d665dd968d94a1415393f0037299fc2d9a18ca457dba5038f90083157c",,,,,,,,,,,,,,,,,
"mesh","graphiconly","2a22a300638ce149de77ae7c2ec2a8f1a34c963ac8923d23a2da7ab0b3b.21",,599.33,3045.25,1024.84,0,33.52,0,,0.67,0.67,0.67,1,1,1,0,0,0,0,0,"mhash:///2a22a300638ce149de77ae7c2ec2a8f1a34c963ac8923d23a2da7ab0b3bc1782",,,,,,,,,,,,,,,,,
"mesh","graphiconly","e2bea3f4d91a4f3e514c29be3ab6370a700dc55eb205321037dab9d477f.14",,633.61,3045.31,1009.45,0,18.28,0,,0.24,0.24,0.24,1,1,1,0,0,0,0,0,"mhash:///e2bea3f4d91a4f3e514c29be3ab6370a700dc55eb205321037dab9d477f1d511",,,,,,,,,,,,,,,,,
"mesh","graphiconly","66b189d665dd968d94a1415393f0037299fc2d9a18ca457dba5038f9008.15",,605.87,3048.04,991.95,0,-94.62,0,,1,1,1,1,1,1,0,0,0,0,0,"mhash:///66b189d665dd968d94a1415393f0037299fc2d9a18ca457dba5038f90083157c",,,,,,,,,,,,,,,,,
"mesh","graphiconly","6a7dee8191015545cb693d1ba9eccfc8163dd6b2a510bbf629552ef5b62",,591.63,3043.7,956.54,0,-147.49,0,,1,1,1,1,1,1,0,0,0,0,0,"mhash:///6a7dee8191015545cb693d1ba9eccfc8163dd6b2a510bbf629552ef5b62060f6",,,,,,,,,,,,,,,,,
"mesh","graphiconly","37bd738f622d50de97289f9aa5936f1b3a627ff3ff2e785684f76546425",,749.08,3043.5,930.22,0.02,-143.17,0.16,,0.67,0.67,0.67,1,1,1,0,0,0,0,0,"mhash:///37bd738f622d50de97289f9aa5936f1b3a627ff3ff2e785684f76546425d1daa",,,,,,,,,,,,,,,,,
"mesh","graphiconly","2a22a300638ce149de77ae7c2ec2a8f1a34c963ac8923d23a2da7ab0b3b.22",,607.53,3045.25,1015.66,0,33.52,0,,0.67,0.67,0.67,1,1,1,0,0,0,0,0,"mhash:///2a22a300638ce149de77ae7c2ec2a8f1a34c963ac8923d23a2da7ab0b3bc1782",,,,,,,,,,,,,,,,,
"mesh","graphiconly","730712bbcb5508c11acad2ab8c368a380aae93699e3e4f22348a8e03b64.14",,604.22,3045.26,1070.36,0,123.51,0,,0.67,0.67,0.67,1,1,1,0,0,0,0,0,"mhash:///730712bbcb5508c11acad2ab8c368a380aae93699e3e4f22348a8e03b64cbe37",,,,,,,,,,,,,,,,,
"mesh","graphiconly","e2bea3f4d91a4f3e514c29be3ab6370a700dc55eb205321037dab9d477f.15",,667.85,3055.31,1030.41,0,18.28,0,,0.24,0.24,0.24,1,1,1,0,0,0,0,0,"mhash:///e2bea3f4d91a4f3e514c29be3ab6370a700dc55eb205321037dab9d477f1d511",,,,,,,,,,,,,,,,,
"mesh","graphiconly","587f1539716aff0ebcb2d4aad7a60ca562d6d747a9e98c0a8f131c586fa.5",,607.1,3043.85,934.45,0,119.92,0,,1,1,1,1,1,1,0,0,0,0,0,"mhash:///587f1539716aff0ebcb2d4aad7a60ca562d6d747a9e98c0a8f131c586fa645db",,,,,,,,,,,,,,,,,
"mesh","graphiconly","587f1539716aff0ebcb2d4aad7a60ca562d6d747a9e98c0a8f131c586fa.6",,707.59,3043.81,1157.81,0,-13.28,0,,1,1,1,1,1,1,0,0,0,0,0,"mhash:///587f1539716aff0ebcb2d4aad7a60ca562d6d747a9e98c0a8f131c586fa645db",,,,,,,,,,,,,,,,,
"mesh","graphiconly","8ea94afdd78114997490f01e5339e32110b3f1a148487407dd479c566bd.11",,601.72,3045.26,1028.47,0,-56.48,0,,0.67,0.67,0.67,1,1,1,0,0,0,0,0,"mhash:///8ea94afdd78114997490f01e5339e32110b3f1a148487407dd479c566bd34ef0",,,,,,,,,,,,,,,,,
"mesh","graphiconly","6a7dee8191015545cb693d1ba9eccfc8163dd6b2a510bbf629552ef5b62.1",,564.53,3043.8,1082.19,0,124.31,0,,1,1,1,1,1,1,0,0,0,0,0,"mhash:///6a7dee8191015545cb693d1ba9eccfc8163dd6b2a510bbf629552ef5b62060f6",,,,,,,,,,,,,,,,,
"mesh","graphiconly","e2bea3f4d91a4f3e514c29be3ab6370a700dc55eb205321037dab9d477f.16",,658.29,3045.3,1047.26,0,18.28,0,,0.24,0.24,0.24,1,1,1,0,0,0,0,0,"mhash:///e2bea3f4d91a4f3e514c29be3ab6370a700dc55eb205321037dab9d477f1d511",,,,,,,,,,,,,,,,,
"mesh","graphiconly","730712bbcb5508c11acad2ab8c368a380aae93699e3e4f22348a8e03b64.15",,690.37,3045.27,1018.36,0,32.95,0,,0.67,0.67,0.67,1,1,1,0,0,0,0,0,"mhash:///730712bbcb5508c11acad2ab8c368a380aae93699e3e4f22348a8e03b64cbe37",,,,,,,,,,,,,,,,,
"mesh","graphiconly","67c64e919500a1f7d51d59ef76d0423cceac53f75ed30b2616dc16977f1.21",,654.81,3045.44,1010.57,0,122.4,0,,0.34,0.43,0.43,1,1,1,0,0,0,0,0,"mhash:///67c64e919500a1f7d51d59ef76d0423cceac53f75ed30b2616dc16977f1c9366",,,,,,,,,,,,,,,,,
"mesh","graphiconly","e2bea3f4d91a4f3e514c29be3ab6370a700dc55eb205321037dab9d477f.17",,674.58,3045.31,1003.02,0,52.48,0,,0.34,0.17,0.24,1,1,1,0,0,0,0,0,"mhash:///e2bea3f4d91a4f3e514c29be3ab6370a700dc55eb205321037dab9d477f1d511",,,,,,,,,,,,,,,,,
"mesh","graphiconly","Tree_Common_trop_01.13",,678.84,3045.29,1013.2,0,90.4,0,,1,0.84,1,1,1,1,0,0,0,0,0,"meru://cplatz@/Tree_Common_trop_01.mesh",,,,,,,,,,,,,,,,,
"mesh","graphiconly","c23dd97c5c22ba7e57bbba916897a9e7f82986239f3f07547e5d8a5f9d7",,700.78,3044,991.83,0,123.2,0,,4,4,4,1,1,1,0,0,0,0,0,"mhash:///c23dd97c5c22ba7e57bbba916897a9e7f82986239f3f07547e5d8a5f9d72628b",,,,,,,,,,,,,,,,,
"mesh","graphiconly","66b189d665dd968d94a1415393f0037299fc2d9a18ca457dba5038f9008.16",,653.6,3048.08,1026.83,0,-94.62,0,,1,1,1,1,1,1,0,0,0,0,0,"mhash:///66b189d665dd968d94a1415393f0037299fc2d9a18ca457dba5038f90083157c",,,,,,,,,,,,,,,,,
"mesh","graphiconly","67c64e919500a1f7d51d59ef76d0423cceac53f75ed30b2616dc16977f1.22",,662.54,3045.44,1011.07,0,-147.6,0,,0.45,0.45,0.45,1,1,1,0,0,0,0,0,"mhash:///67c64e919500a1f7d51d59ef76d0423cceac53f75ed30b2616dc16977f1c9366",,,,,,,,,,,,,,,,,
"mesh","graphiconly","37bd738f622d50de97289f9aa5936f1b3a627ff3ff2e785684f76546425.1",,746.1,3043.5,946.37,0.02,-57.67,0.16,,0.67,0.67,0.67,1,1,1,0,0,0,0,0,"mhash:///37bd738f622d50de97289f9aa5936f1b3a627ff3ff2e785684f76546425d1daa",,,,,,,,,,,,,,,,,
"mesh","graphiconly","a8ee8b72ea7303529c409a9d5e93b149654fc32e422a3d612c9c3546cc1.18",,627.62,3045.31,1028.43,0,33.52,0,,0.67,0.67,0.67,1,1,1,0,0,0,0,0,"mhash:///a8ee8b72ea7303529c409a9d5e93b149654fc32e422a3d612c9c3546cc11e552",,,,,,,,,,,,,,,,,
"mesh","graphiconly","2a22a300638ce149de77ae7c2ec2a8f1a34c963ac8923d23a2da7ab0b3b.23",,621.35,3045.25,1064.37,0,33.52,0,,0.67,0.67,0.67,1,1,1,0,0,0,0,0,"mhash:///2a22a300638ce149de77ae7c2ec2a8f1a34c963ac8923d23a2da7ab0b3bc1782",,,,,,,,,,,,,,,,,
"mesh","graphiconly","Tree_Common_trop_01.14",,623.15,3045.29,1013.93,0,20.21,0,,1,0.84,1,1,1,1,0,0,0,0,0,"meru://cplatz@/Tree_Common_trop_01.mesh",,,,,,,,,,,,,,,,,
"mesh","graphiconly","6b38903bb23ee2c8a1b13592f1c8bf5ea8b795e1242a1962f71fc994e9f.1",,665.79,3045.78,1028.34,0,-173.71,0,,1,1,1,1,1,1,0,0,0,0,0,"mhash:///6b38903bb23ee2c8a1b13592f1c8bf5ea8b795e1242a1962f71fc994e9f6b448",,,,,,,,,,,,,,,,,
"mesh","graphiconly","8ea94afdd78114997490f01e5339e32110b3f1a148487407dd479c566bd.12",,681.68,3045.23,1033.51,0,123.52,0,,0.67,0.67,0.67,1,1,1,0,0,0,0,0,"mhash:///8ea94afdd78114997490f01e5339e32110b3f1a148487407dd479c566bd34ef0",,,,,,,,,,,,,,,,,
"mesh","graphiconly","ed9fbfdbbb9139a3ac2193e185cfa180a46584fac0b4e99768e91e0a132.5",,591.44,3041,1073.57,-0.34,59.26,-1.51,,5,5,5,1,1,1,0,0,0,0,0,"mhash:///ed9fbfdbbb9139a3ac2193e185cfa180a46584fac0b4e99768e91e0a1329aeeb",,,,,,,,,,,,,,,,,
"mesh","graphiconly","3528d87e2bfae38962524f83cc06793bcdde935c008859ffae362055094",,641.37,3045.38,1031.23,0,123.2,0,,1,1,1,1,1,1,0,0,0,0,0,"mhash:///3528d87e2bfae38962524f83cc06793bcdde935c008859ffae362055094c5188",,,,,,,,,,,,,,,,,
"mesh","graphiconly","587f1539716aff0ebcb2d4aad7a60ca562d6d747a9e98c0a8f131c586fa.7",,599.33,3043.81,968.04,0,33.52,0,,1,1,1,1,1,1,0,0,0,0,0,"mhash:///587f1539716aff0ebcb2d4aad7a60ca562d6d747a9e98c0a8f131c586fa645db",,,,,,,,,,,,,,,,,
"mesh","graphiconly","Tree_Common_trop_01.15",,0,0,0,0,0,0,,1,1,1,1,1,1,0,0,0,0,0,"meru://cplatz@/Tree_Common_trop_01.mesh",,,,,,,,,,,,,,,,,
"mesh","graphiconly","67433313de9cfdf8a28c71aca67fb83aa9ed72566b919d6d67da27e9e5d.4",,556.1,3039.47,1044.37,-0.74,-179.4,12.5,,6.61,6.61,8.5,1,1,1,0,0,0,0,0,"mhash:///67433313de9cfdf8a28c71aca67fb83aa9ed72566b919d6d67da27e9e5dd9c25",,,,,,,,,,,,,,,,,
"mesh","graphiconly","2a22a300638ce149de77ae7c2ec2a8f1a34c963ac8923d23a2da7ab0b3b.24",,675.74,3045.27,1047.06,0,33.52,0,,0.67,0.67,0.67,1,1,1,0,0,0,0,0,"mhash:///2a22a300638ce149de77ae7c2ec2a8f1a34c963ac8923d23a2da7ab0b3bc1782",,,,,,,,,,,,,,,,,
"mesh","graphiconly","a8ee8b72ea7303529c409a9d5e93b149654fc32e422a3d612c9c3546cc1.19",,650.05,3045.31,1021.94,0,33.52,0,,0.67,0.67,0.67,1,1,1,0,0,0,0,0,"mhash:///a8ee8b72ea7303529c409a9d5e93b149654fc32e422a3d612c9c3546cc11e552",,,,,,,,,,,,,,,,,
"mesh","graphiconly","1fac664216868baca838a81a3bf6c5296a4418612a7af667087bad9b664.7",,650.78,3045.73,1011.15,0,-56.48,0,,1,1,1,1,1,1,0,0,0,0,0,"mhash:///1fac664216868baca838a81a3bf6c5296a4418612a7af667087bad9b664af823",,,,,,,,,,,,,,,,,
"mesh","graphiconly","730712bbcb5508c11acad2ab8c368a380aae93699e3e4f22348a8e03b64.16",,678.48,3045.25,992.25,0,123.51,0,,0.67,0.67,0.67,1,1,1,0,0,0,0,0,"mhash:///730712bbcb5508c11acad2ab8c368a380aae93699e3e4f22348a8e03b64cbe37",,,,,,,,,,,,,,,,,
"mesh","graphiconly","e2bea3f4d91a4f3e514c29be3ab6370a700dc55eb205321037dab9d477f.18",,642.71,3045.31,1058.19,0,18.28,0,,0.24,0.24,0.24,1,1,1,0,0,0,0,0,"mhash:///e2bea3f4d91a4f3e514c29be3ab6370a700dc55eb205321037dab9d477f1d511",,,,,,,,,,,,,,,,,
"mesh","graphiconly","66b189d665dd968d94a1415393f0037299fc2d9a18ca457dba5038f9008.17",,588.42,3048.09,1046.56,0,-94.62,0,,1,1,1,1,1,1,0,0,0,0,0,"mhash:///66b189d665dd968d94a1415393f0037299fc2d9a18ca457dba5038f90083157c",,,,,,,,,,,,,,,,,
"mesh","graphiconly","a8ee8b72ea7303529c409a9d5e93b149654fc32e422a3d612c9c3546cc1.20",,618.93,3045.31,983.1,0,33.52,0,,0.67,0.67,0.67,1,1,1,0,0,0,0,0,"mhash:///a8ee8b72ea7303529c409a9d5e93b149654fc32e422a3d612c9c3546cc11e552",,,,,,,,,,,,,,,,,
"mesh","graphiconly","67c64e919500a1f7d51d59ef76d0423cceac53f75ed30b2616dc16977f1.23",,657.76,3045.45,1065.95,0,-57.6,0,,0.39,0.39,0.39,1,1,1,0,0,0,0,0,"mhash:///67c64e919500a1f7d51d59ef76d0423cceac53f75ed30b2616dc16977f1c9366",,,,,,,,,,,,,,,,,
"mesh","graphiconly","66b189d665dd968d94a1415393f0037299fc2d9a18ca457dba5038f9008.18",,680.9,3048.1,995.89,0,-94.62,0,,1,1,1,1,1,1,0,0,0,0,0,"mhash:///66b189d665dd968d94a1415393f0037299fc2d9a18ca457dba5038f90083157c",,,,,,,,,,,,,,,,,
"mesh","graphiconly","8ea94afdd78114997490f01e5339e32110b3f1a148487407dd479c566bd.13",,603.97,3045.26,1018.08,0,33.52,0,,0.65,0.65,0.65,1,1,1,0,0,0,0,0,"mhash:///8ea94afdd78114997490f01e5339e32110b3f1a148487407dd479c566bd34ef0",,,,,,,,,,,,,,,,,
"mesh","graphiconly","67c64e919500a1f7d51d59ef76d0423cceac53f75ed30b2616dc16977f1.24",,669.95,3045.45,1006.23,0,-147.6,0,,0.35,0.35,0.35,1,1,1,0,0,0,0,0,"mhash:///67c64e919500a1f7d51d59ef76d0423cceac53f75ed30b2616dc16977f1c9366",,,,,,,,,,,,,,,,,
"mesh","graphiconly","ed9fbfdbbb9139a3ac2193e185cfa180a46584fac0b4e99768e91e0a132.6",,637.97,3037.33,945.04,-0.34,7.96,-1.51,,10,10,10,1,1,1,0,0,0,0,0,"mhash:///ed9fbfdbbb9139a3ac2193e185cfa180a46584fac0b4e99768e91e0a1329aeeb",,,,,,,,,,,,,,,,,
"mesh","graphiconly","5d4f7f4f48f66b18a91d699b91e966abf6dcc9f11a3637915ce8bb0101e.2",,672.69,3044.06,1078.42,0,32.95,0,,1,1,1,1,1,1,0,0,0,0,0,"mhash:///5d4f7f4f48f66b18a91d699b91e966abf6dcc9f11a3637915ce8bb0101ef18e1",,,,,,,,,,,,,,,,,
"mesh","graphiconly","730712bbcb5508c11acad2ab8c368a380aae93699e3e4f22348a8e03b64.17",,602.16,3045.26,994.34,0,-147.39,0,,0.67,0.67,0.67,1,1,1,0,0,0,0,0,"mhash:///730712bbcb5508c11acad2ab8c368a380aae93699e3e4f22348a8e03b64cbe37",,,,,,,,,,,,,,,,,
"mesh","graphiconly","8d59bdde0b207f0cc7d02879aecb9ade204082ae329a085f87a2735f8fc.4",,615.78,3045.41,1026.19,0,-101.24,0,,1,1,1,1,1,1,0,0,0,0,0,"mhash:///8d59bdde0b207f0cc7d02879aecb9ade204082ae329a085f87a2735f8fc8462e",,,,,,,,,,,,,,,,,
"mesh","graphiconly","6b26590d3c9b6db3f5dc5080fc44d03d0c05636658a55d81d8bd396ab44",,744.46,3044.09,964.27,0,33.52,0,,1.1,1.1,1.1,1,1,1,0,0,0,0,0,"mhash:///6b26590d3c9b6db3f5dc5080fc44d03d0c05636658a55d81d8bd396ab4464841",,,,,,,,,,,,,,,,,
"mesh","graphiconly","e2bea3f4d91a4f3e514c29be3ab6370a700dc55eb205321037dab9d477f.19",,624.11,3045.31,1015.7,0,18.28,0,,0.24,0.24,0.24,1,1,1,0,0,0,0,0,"mhash:///e2bea3f4d91a4f3e514c29be3ab6370a700dc55eb205321037dab9d477f1d511",,,,,,,,,,,,,,,,,
"mesh","graphiconly","15b5dc873aaae76a007f685713bd955f5f68b67912fb379f4e4287410b4.3",,759.19,3044.04,979.16,0,0,0,,1,1,1,1,1,1,0,0,0,0,0,"mhash:///15b5dc873aaae76a007f685713bd955f5f68b67912fb379f4e4287410b4f5f26",,,,,,,,,,,,,,,,,
"mesh","graphiconly","5d4f7f4f48f66b18a91d699b91e966abf6dcc9f11a3637915ce8bb0101e.3",,594.27,3044.25,1062.56,0,-57.1,0,,1.01,1.01,1.01,1,1,1,0,0,0,0,0,"mhash:///5d4f7f4f48f66b18a91d699b91e966abf6dcc9f11a3637915ce8bb0101ef18e1",,,,,,,,,,,,,,,,,
"mesh","graphiconly","a8ee8b72ea7303529c409a9d5e93b149654fc32e422a3d612c9c3546cc1.21",,606.7,3045.26,1074.05,0,33.52,0,,0.67,0.67,0.67,1,1,1,0,0,0,0,0,"mhash:///a8ee8b72ea7303529c409a9d5e93b149654fc32e422a3d612c9c3546cc11e552",,,,,,,,,,,,,,,,,
"mesh","graphiconly","2a22a300638ce149de77ae7c2ec2a8f1a34c963ac8923d23a2da7ab0b3b.25",,686.9,3045.31,1020.39,0,33.52,0,,1,1,1,1,1,1,0,0,0,0,0,"mhash:///2a22a300638ce149de77ae7c2ec2a8f1a34c963ac8923d23a2da7ab0b3bc1782",,,,,,,,,,,,,,,,,
"mesh","graphiconly","730712bbcb5508c11acad2ab8c368a380aae93699e3e4f22348a8e03b64.18",,654.79,3045.31,1030.83,0,-73.59,0,,0.67,0.67,0.67,1,1,1,0,0,0,0,0,"mhash:///730712bbcb5508c11acad2ab8c368a380aae93699e3e4f22348a8e03b64cbe37",,,,,,,,,,,,,,,,,
"mesh","graphiconly","e2bea3f4d91a4f3e514c29be3ab6370a700dc55eb205321037dab9d477f.20",,618.97,3045.31,1039.55,0,18.28,0,,0.24,0.24,0.24,1,1,1,0,0,0,0,0,"mhash:///e2bea3f4d91a4f3e514c29be3ab6370a700dc55eb205321037dab9d477f1d511",,,,,,,,,,,,,,,,,
"mesh","graphiconly","67c64e919500a1f7d51d59ef76d0423cceac53f75ed30b2616dc16977f1.25",,613.82,3045.44,1043.4,0,-147.6,0,,0.48,0.48,0.48,1,1,1,0,0,0,0,0,"mhash:///67c64e919500a1f7d51d59ef76d0423cceac53f75ed30b2616dc16977f1c9366",,,,,,,,,,,,,,,,,
"mesh","graphiconly","20c09424b9559857620705209ae8e04b68be2137a14d2e066a4b65991a8",,710.08,3044,1137.79,0,168.3,0,,1,1,1,1,1,1,0,0,0,0,0,"mhash:///20c09424b9559857620705209ae8e04b68be2137a14d2e066a4b65991a87ff93",,,,,,,,,,,,,,,,,
"mesh","graphiconly","a8ee8b72ea7303529c409a9d5e93b149654fc32e422a3d612c9c3546cc1.22",,632.83,3045.31,1040.91,0,33.52,0,,0.67,0.67,0.67,1,1,1,0,0,0,0,0,"mhash:///a8ee8b72ea7303529c409a9d5e93b149654fc32e422a3d612c9c3546cc11e552",,,,,,,,,,,,,,,,,
"mesh","graphiconly","b4f72c6264b55bcb679e3df28b87be9a68db3645d82c445631f396697a5.2",,561.43,3044.05,1088.49,0,-56.7,0,,0.81,0.81,0.81,1,1,1,0,0,0,0,0,"mhash:///b4f72c6264b55bcb679e3df28b87be9a68db3645d82c445631f396697a598a51",,,,,,,,,,,,,,,,,
"mesh","graphiconly","bff11567c0b4c928fb30632a6564ea135343b2acf3aa8690e3a66e6450d",,786.98,3044.06,1026.57,0,56.92,0,,11,11,11,1,1,1,0,0,0,0,0,"mhash:///bff11567c0b4c928fb30632a6564ea135343b2acf3aa8690e3a66e6450da2a75",,,,,,,,,,,,,,,,,
"mesh","graphiconly","730712bbcb5508c11acad2ab8c368a380aae93699e3e4f22348a8e03b64.19",,629.85,3045.05,1025.94,0,-128.49,0,,0.67,0.67,0.67,1,1,1,0,0,0,0,0,"mhash:///730712bbcb5508c11acad2ab8c368a380aae93699e3e4f22348a8e03b64cbe37",,,,,,,,,,,,,,,,,
"mesh","graphiconly","ed9fbfdbbb9139a3ac2193e185cfa180a46584fac0b4e99768e91e0a132.7",,586.55,3042.83,1057.99,-0.34,116.86,-1.51,,1.86,1.86,1.86,1,1,1,0,0,0,0,0,"mhash:///ed9fbfdbbb9139a3ac2193e185cfa180a46584fac0b4e99768e91e0a1329aeeb",,,,,,,,,,,,,,,,,
"mesh","graphiconly","bff11567c0b4c928fb30632a6564ea135343b2acf3aa8690e3a66e6450d.1",,649.15,3043.69,960.21,0,-89.78,0,,11,11,11,1,1,1,0,0,0,0,0,"mhash:///bff11567c0b4c928fb30632a6564ea135343b2acf3aa8690e3a66e6450da2a75",,,,,,,,,,,,,,,,,
"mesh","graphiconly","66b189d665dd968d94a1415393f0037299fc2d9a18ca457dba5038f9008.19",,645.57,3048.12,1043.13,0,-94.62,0,,1,1,1,1,1,1,0,0,0,0,0,"mhash:///66b189d665dd968d94a1415393f0037299fc2d9a18ca457dba5038f90083157c",,,,,,,,,,,,,,,,,
"mesh","graphiconly","587f1539716aff0ebcb2d4aad7a60ca562d6d747a9e98c0a8f131c586fa.8",,705.43,3044.13,989.26,0,-57.6,0,,1,1,1,1,1,1,0,0,0,0,0,"mhash:///587f1539716aff0ebcb2d4aad7a60ca562d6d747a9e98c0a8f131c586fa645db",,,,,,,,,,,,,,,,,
"mesh","graphiconly","Tree_Common_trop_01.16",,0,0,0,0,0,0,,1.07,0.9,1.29,1,1,1,0,0,0,0,0,"meru://cplatz@/Tree_Common_trop_01.mesh",,,,,,,,,,,,,,,,,
"mesh","graphiconly","67c64e919500a1f7d51d59ef76d0423cceac53f75ed30b2616dc16977f1.26",,627.75,3045.45,1051.85,0,122.4,0,,0.32,0.41,0.41,1,1,1,0,0,0,0,0,"mhash:///67c64e919500a1f7d51d59ef76d0423cceac53f75ed30b2616dc16977f1c9366",,,,,,,,,,,,,,,,,
"mesh","graphiconly","b4f72c6264b55bcb679e3df28b87be9a68db3645d82c445631f396697a5.3",,749.64,3043.6,938.52,0,124.2,0,,1,1,1,1,1,1,0,0,0,0,0,"mhash:///b4f72c6264b55bcb679e3df28b87be9a68db3645d82c445631f396697a598a51",,,,,,,,,,,,,,,,,
"mesh","graphiconly","67c64e919500a1f7d51d59ef76d0423cceac53f75ed30b2616dc16977f1.27",,620.58,3045.58,985.23,0,32.4,0,,0.47,0.6,0.6,1,1,1,0,0,0,0,0,"mhash:///67c64e919500a1f7d51d59ef76d0423cceac53f75ed30b2616dc16977f1c9366",,,,,,,,,,,,,,,,,
"mesh","graphiconly","8d59bdde0b207f0cc7d02879aecb9ade204082ae329a085f87a2735f8fc.5",,664.1,3045.41,1055.81,0,-154.34,0,,1,1,1,1,1,1,0,0,0,0,0,"mhash:///8d59bdde0b207f0cc7d02879aecb9ade204082ae329a085f87a2735f8fc8462e",,,,,,,,,,,,,,,,,
"mesh","graphiconly","1fac664216868baca838a81a3bf6c5296a4418612a7af667087bad9b664.8",,632.29,3045.73,1052.8,0,-56.48,0,,1,1,1,1,1,1,0,0,0,0,0,"mhash:///1fac664216868baca838a81a3bf6c5296a4418612a7af667087bad9b664af823",,,,,,,,,,,,,,,,,
"mesh","graphiconly","15b5dc873aaae76a007f685713bd955f5f68b67912fb379f4e4287410b4.4",,744.73,3044.04,975.91,0,0,0,,1,1,1,1,1,1,0,0,0,0,0,"mhash:///15b5dc873aaae76a007f685713bd955f5f68b67912fb379f4e4287410b4f5f26",,,,,,,,,,,,,,,,,
"mesh","graphiconly","bff11567c0b4c928fb30632a6564ea135343b2acf3aa8690e3a66e6450d.2",,707.85,3044.06,946.78,0,-75.38,0,,11,15.9,11,1,1,1,0,0,0,0,0,"mhash:///bff11567c0b4c928fb30632a6564ea135343b2acf3aa8690e3a66e6450da2a75",,,,,,,,,,,,,,,,,
"mesh","graphiconly","e2bea3f4d91a4f3e514c29be3ab6370a700dc55eb205321037dab9d477f.21",,653.12,3045.31,1007.69,0,18.28,0,,0.24,0.24,0.24,1,1,1,0,0,0,0,0,"mhash:///e2bea3f4d91a4f3e514c29be3ab6370a700dc55eb205321037dab9d477f1d511",,,,,,,,,,,,,,,,,
"mesh","graphiconly","66b189d665dd968d94a1415393f0037299fc2d9a18ca457dba5038f9008.20",,629.42,3048.1,1036.03,0,-94.62,0,,1,1,1,1,1,1,0,0,0,0,0,"mhash:///66b189d665dd968d94a1415393f0037299fc2d9a18ca457dba5038f90083157c",,,,,,,,,,,,,,,,,
"mesh","graphiconly","730712bbcb5508c11acad2ab8c368a380aae93699e3e4f22348a8e03b64.20",,628.58,3045.28,1032.57,0,-77.19,0,,0.67,0.67,0.67,1,1,1,0,0,0,0,0,"mhash:///730712bbcb5508c11acad2ab8c368a380aae93699e3e4f22348a8e03b64cbe37",,,,,,,,,,,,,,,,,
"mesh","graphiconly","e2bea3f4d91a4f3e514c29be3ab6370a700dc55eb205321037dab9d477f.22",,629.66,3045.31,1055.36,0,47.98,0,,0.24,0.19,0.24,1,1,1,0,0,0,0,0,"mhash:///e2bea3f4d91a4f3e514c29be3ab6370a700dc55eb205321037dab9d477f1d511",,,,,,,,,,,,,,,,,
"mesh","graphiconly","2a22a300638ce149de77ae7c2ec2a8f1a34c963ac8923d23a2da7ab0b3b.26",,0,0,0,0,0,0,,0.67,0.67,0.67,1,1,1,0,0,0,0,0,"mhash:///2a22a300638ce149de77ae7c2ec2a8f1a34c963ac8923d23a2da7ab0b3bc1782",,,,,,,,,,,,,,,,,
"mesh","graphiconly","1fac664216868baca838a81a3bf6c5296a4418612a7af667087bad9b664.9",,663.72,3045.73,1031.2,0,-56.48,0,,1,1,1,1,1,1,0,0,0,0,0,"mhash:///1fac664216868baca838a81a3bf6c5296a4418612a7af667087bad9b664af823",,,,,,,,,,,,,,,,,
"mesh","graphiconly","730712bbcb5508c11acad2ab8c368a380aae93699e3e4f22348a8e03b64.21",,610.4,3045.28,1071.61,0,33.51,0,,0.67,0.67,0.67,1,1,1,0,0,0,0,0,"mhash:///730712bbcb5508c11acad2ab8c368a380aae93699e3e4f22348a8e03b64cbe37",,,,,,,,,,,,,,,,,
"mesh","graphiconly","6a7dee8191015545cb693d1ba9eccfc8163dd6b2a510bbf629552ef5b62.2",,692.42,3043.71,1108.02,0,-148.39,0,,1,1,1,1,1,1,0,0,0,0,0,"mhash:///6a7dee8191015545cb693d1ba9eccfc8163dd6b2a510bbf629552ef5b62060f6",,,,,,,,,,,,,,,,,
"mesh","graphiconly","1c74fbde6008dc1bd5020c73eaf2025430bc6a1dbb6f9e781443730d036",,735,3044.28,967,0,0,0,,1000,1000,1000,1,1,1,0,0,0,0,0,"mhash:///1c74fbde6008dc1bd5020c73eaf2025430bc6a1dbb6f9e781443730d0364dce0",,,,,,,,,,,,,,,,,
"mesh","graphiconly","a8ee8b72ea7303529c409a9d5e93b149654fc32e422a3d612c9c3546cc1.23",,656.72,3045.28,1084.45,0,33.52,0,,0.67,0.67,0.67,1,1,1,0,0,0,0,0,"mhash:///a8ee8b72ea7303529c409a9d5e93b149654fc32e422a3d612c9c3546cc11e552",,,,,,,,,,,,,,,,,
"mesh","graphiconly","67c64e919500a1f7d51d59ef76d0423cceac53f75ed30b2616dc16977f1.28",,645.86,3045.45,1055.88,0,32.4,0,,0.33,0.43,0.43,1,1,1,0,0,0,0,0,"mhash:///67c64e919500a1f7d51d59ef76d0423cceac53f75ed30b2616dc16977f1c9366",,,,,,,,,,,,,,,,,
"mesh","graphiconly","a8ee8b72ea7303529c409a9d5e93b149654fc32e422a3d612c9c3546cc1.24",,655.77,3045.31,1034.28,0,33.52,0,,0.67,0.67,0.67,1,1,1,0,0,0,0,0,"mhash:///a8ee8b72ea7303529c409a9d5e93b149654fc32e422a3d612c9c3546cc11e552",,,,,,,,,,,,,,,,,
"mesh","graphiconly","730712bbcb5508c11acad2ab8c368a380aae93699e3e4f22348a8e03b64.22",,672.72,3045.29,990.91,0,33.51,0,,0.67,0.67,0.67,1,1,1,0,0,0,0,0,"mhash:///730712bbcb5508c11acad2ab8c368a380aae93699e3e4f22348a8e03b64cbe37",,,,,,,,,,,,,,,,,
"mesh","graphiconly","8ea94afdd78114997490f01e5339e32110b3f1a148487407dd479c566bd.14",,683,3045.41,1023.23,0,33.52,0,,0.67,0.67,0.67,1,1,1,0,0,0,0,0,"mhash:///8ea94afdd78114997490f01e5339e32110b3f1a148487407dd479c566bd34ef0",,,,,,,,,,,,,,,,,
"mesh","graphiconly","587f1539716aff0ebcb2d4aad7a60ca562d6d747a9e98c0a8f131c586fa.9",,729.33,3044.13,974.09,0,-57.6,0,,1,1,1,1,1,1,0,0,0,0,0,"mhash:///587f1539716aff0ebcb2d4aad7a60ca562d6d747a9e98c0a8f131c586fa645db",,,,,,,,,,,,,,,,,
"mesh","graphiconly","67c64e919500a1f7d51d59ef76d0423cceac53f75ed30b2616dc16977f1.29",,603.97,3045.59,1065.75,0,-57.6,0,,0.41,0.53,0.53,1,1,1,0,0,0,0,0,"mhash:///67c64e919500a1f7d51d59ef76d0423cceac53f75ed30b2616dc16977f1c9366",,,,,,,,,,,,,,,,,
"mesh","graphiconly","730712bbcb5508c11acad2ab8c368a380aae93699e3e4f22348a8e03b64.23",,681.69,3045.28,1062.59,0,122.61,0,,0.67,0.67,0.67,1,1,1,0,0,0,0,0,"mhash:///730712bbcb5508c11acad2ab8c368a380aae93699e3e4f22348a8e03b64cbe37",,,,,,,,,,,,,,,,,
"mesh","graphiconly","66b189d665dd968d94a1415393f0037299fc2d9a18ca457dba5038f9008.21",,694.09,3048.05,1015.95,0,-94.62,0,,1,1,1,1,1,1,0,0,0,0,0,"mhash:///66b189d665dd968d94a1415393f0037299fc2d9a18ca457dba5038f90083157c",,,,,,,,,,,,,,,,,
"mesh","graphiconly","8d59bdde0b207f0cc7d02879aecb9ade204082ae329a085f87a2735f8fc.6",,618.02,3045.41,1005.87,0,-113.84,0,,1,1,1,1,1,1,0,0,0,0,0,"mhash:///8d59bdde0b207f0cc7d02879aecb9ade204082ae329a085f87a2735f8fc8462e",,,,,,,,,,,,,,,,,
"mesh","graphiconly","1fac664216868baca838a81a3bf6c5296a4418612a7af667087bad9b664.10",,646.06,3045.77,1008.05,0,-12.38,0,,1,1,1,1,1,1,0,0,0,0,0,"mhash:///1fac664216868baca838a81a3bf6c5296a4418612a7af667087bad9b664af823",,,,,,,,,,,,,,,,,
"mesh","graphiconly","6a7dee8191015545cb693d1ba9eccfc8163dd6b2a510bbf629552ef5b62.3",,561.85,3043.8,1095.23,0,-145.69,0,,1,1,1,1,1,1,0,0,0,0,0,"mhash:///6a7dee8191015545cb693d1ba9eccfc8163dd6b2a510bbf629552ef5b62060f6",,,,,,,,,,,,,,,,,
"mesh","graphiconly","67c64e919500a1f7d51d59ef76d0423cceac53f75ed30b2616dc16977f1.30",,612.8,3045.45,1056.73,0,-147.6,0,,0.36,0.36,0.36,1,1,1,0,0,0,0,0,"mhash:///67c64e919500a1f7d51d59ef76d0423cceac53f75ed30b2616dc16977f1c9366",,,,,,,,,,,,,,,,,
"mesh","graphiconly","8d59bdde0b207f0cc7d02879aecb9ade204082ae329a085f87a2735f8fc.7",,0,0,0,0,0,0,,1,1,1,1,1,1,0,0,0,0,0,"mhash:///8d59bdde0b207f0cc7d02879aecb9ade204082ae329a085f87a2735f8fc8462e",,,,,,,,,,,,,,,,,
"mesh","graphiconly","8d59bdde0b207f0cc7d02879aecb9ade204082ae329a085f87a2735f8fc.8",,615.99,3045.41,1054.73,0,-62.54,0,,1,1,1,1,1,1,0,0,0,0,0,"mhash:///8d59bdde0b207f0cc7d02879aecb9ade204082ae329a085f87a2735f8fc8462e",,,,,,,,,,,,,,,,,
"mesh","graphiconly","Tree_Common_trop_01.17",,588.35,3045.29,1046.76,0,-54.49,0,,0.86,0.72,0.86,1,1,1,0,0,0,0,0,"meru://cplatz@/Tree_Common_trop_01.mesh",,,,,,,,,,,,,,,,,
"mesh","graphiconly","6b6b5267fbb7db755571cd0468e52005a62f0d80ce79f431bea48a79772",,661.64,3045.45,1052.38,0,-57.6,0,,0.44,0.44,0.44,1,1,1,0,0,0,0,0,"mhash:///6b6b5267fbb7db755571cd0468e52005a62f0d80ce79f431bea48a79772be106",,,,,,,,,,,,,,,,,
"mesh","graphiconly","Tree_Common_trop_01.18",,617.63,3045.29,1040.96,0,-11.3,0,,1,0.84,1.18,1,1,1,0,0,0,0,0,"meru://cplatz@/Tree_Common_trop_01.mesh",,,,,,,,,,,,,,,,,
"mesh","graphiconly","e2bea3f4d91a4f3e514c29be3ab6370a700dc55eb205321037dab9d477f.23",,622.13,3045.25,992.55,0,18.28,0,,0.24,0.24,0.24,1,1,1,0,0,0,0,0,"mhash:///e2bea3f4d91a4f3e514c29be3ab6370a700dc55eb205321037dab9d477f1d511",,,,,,,,,,,,,,,,,
"mesh","graphiconly","2a22a300638ce149de77ae7c2ec2a8f1a34c963ac8923d23a2da7ab0b3b.27",,630.72,3045.26,1072.63,0,33.52,0,,0.67,0.67,0.67,1,1,1,0,0,0,0,0,"mhash:///2a22a300638ce149de77ae7c2ec2a8f1a34c963ac8923d23a2da7ab0b3bc1782",,,,,,,,,,,,,,,,,
"mesh","graphiconly","1fac664216868baca838a81a3bf6c5296a4418612a7af667087bad9b664.11",,642.26,3045.73,1054.34,0,33.52,0,,1,1,1,1,1,1,0,0,0,0,0,"mhash:///1fac664216868baca838a81a3bf6c5296a4418612a7af667087bad9b664af823",,,,,,,,,,,,,,,,,
"mesh","graphiconly","66b189d665dd968d94a1415393f0037299fc2d9a18ca457dba5038f9008.22",,663.99,3048.09,1079.75,0,-94.62,0,,1,1,1,1,1,1,0,0,0,0,0,"mhash:///66b189d665dd968d94a1415393f0037299fc2d9a18ca457dba5038f90083157c",,,,,,,,,,,,,,,,,
"mesh","graphiconly","8d59bdde0b207f0cc7d02879aecb9ade204082ae329a085f87a2735f8fc.9",,636.11,3045.41,1057.61,0,-94.04,0,,1,1,1,1,1,1,0,0,0,0,0,"mhash:///8d59bdde0b207f0cc7d02879aecb9ade204082ae329a085f87a2735f8fc8462e",,,,,,,,,,,,,,,,,
"mesh","graphiconly","2a22a300638ce149de77ae7c2ec2a8f1a34c963ac8923d23a2da7ab0b3b.28",,614.11,3045.28,1069.17,0,33.52,0,,0.67,0.67,0.67,1,1,1,0,0,0,0,0,"mhash:///2a22a300638ce149de77ae7c2ec2a8f1a34c963ac8923d23a2da7ab0b3bc1782",,,,,,,,,,,,,,,,,
"mesh","graphiconly","2a22a300638ce149de77ae7c2ec2a8f1a34c963ac8923d23a2da7ab0b3b.29",,647.56,3045.34,989.42,0,33.52,0,,0.67,0.67,0.67,1,1,1,0,0,0,0,0,"mhash:///2a22a300638ce149de77ae7c2ec2a8f1a34c963ac8923d23a2da7ab0b3bc1782",,,,,,,,,,,,,,,,,
"mesh","graphiconly","b638c7dfbfb863b13f84a2e1dd5a114287416ffc3a59c94659e45448cfc",,641.57,3045.35,1031.35,0,33.52,0,,2,2,2,1,1,1,0,0,0,0,0,"mhash:///b638c7dfbfb863b13f84a2e1dd5a114287416ffc3a59c94659e45448cfce8130",,,,,,,,,,,,,,,,,
"mesh","graphiconly","c52489764f017aeedcb389927c1dff3c2928dedd92e7015a06456438412.3",,634.91,3045.54,1060.77,0,-15.02,0,,0.45,0.45,0.45,1,1,1,0,0,0,0,0,"mhash:///c52489764f017aeedcb389927c1dff3c2928dedd92e7015a0645643841216e11",,,,,,,,,,,,,,,,,
"mesh","graphiconly","1fac664216868baca838a81a3bf6c5296a4418612a7af667087bad9b664.12",,636.66,3045.77,1055.63,0,-12.38,0,,1,1,1,1,1,1,0,0,0,0,0,"mhash:///1fac664216868baca838a81a3bf6c5296a4418612a7af667087bad9b664af823",,,,,,,,,,,,,,,,,
